,ref_img,other_img,result,expected_result,cos_dist_np,cos_dist_sfe,total_time,sfe_time,extraction_time,share_bytes_setup_phase_total,share_bytes_setup_phase_client,share_bytes_setup_phase_server,share_bytes_online_phase_client,server.Command being timed,server.User time (seconds),server.System time (seconds),server.Percent of CPU this job got,server.Elapsed (wall clock) time (h:mm:ss or m:ss),server.Average shared text size (kbytes),server.Average unshared data size (kbytes),server.Average stack size (kbytes),server.Average total size (kbytes),server.Maximum resident set size (kbytes),server.Average resident set size (kbytes),server.Major (requiring I/O) page faults,server.Minor (reclaiming a frame) page faults,server.Voluntary context switches,server.Involuntary context switches,server.Swaps,server.File system inputs,server.File system outputs,server.Socket messages sent,server.Socket messages received,server.Signals delivered,server.Page size (bytes),server.Exit status,client.Command being timed,client.User time (seconds),client.System time (seconds),client.Percent of CPU this job got,client.Elapsed (wall clock) time (h:mm:ss or m:ss),client.Average shared text size (kbytes),client.Average unshared data size (kbytes),client.Average stack size (kbytes),client.Average total size (kbytes),client.Maximum resident set size (kbytes),client.Average resident set size (kbytes),client.Major (requiring I/O) page faults,client.Minor (reclaiming a frame) page faults,client.Voluntary context switches,client.Involuntary context switches,client.Swaps,client.File system inputs,client.File system outputs,client.Socket messages sent,client.Socket messages received,client.Signals delivered,client.Page size (bytes),client.Exit status,energy_client,energy_server,server.hardware.aes.performance,server.hardware.rtt,server.hardware.throughput,server.online_time.bool.local_gates,server.online_time.bool.interactive_gates,server.online_time.bool.layer_finish,server.online_time.yao.local_gates,server.online_time.yao.interactive_gates,server.online_time.yao.layer_finish,server.online_time.yao_rev.local_gates,server.online_time.yao_rev.interactive_gates,server.online_time.yao_rev.layer_finish,server.online_time.arith.local_gates,server.online_time.arith.interactive_gates,server.online_time.arith.layer_finish,server.online_time.splut.local_gates,server.online_time.splut.interactive_gates,server.online_time.splut.layer_finish,server.online_time.communication,server.complexities.boolean_sharing.ands,server.complexities.boolean_sharing.depth,server.complexities.total_vec_and,server.complexities.total_non_vec_and,server.complexities.xor_vals,server.complexities.gates,server.complexities.comb_gates,server.complexities.combstruct_gates,server.complexities.perm_gates,server.complexities.subset_gates,server.complexities.split_gates,server.complexities.yao.ands,server.complexities.yao.depth,server.complexities.reverse_yao.ands,server.complexities.reverse_yao.depth,server.complexities.arithmetic_sharing.muls,server.complexities.arithmetic_sharing.depth,server.complexities.sp_lut_sharing.ot_gates_total,server.complexities.sp_lut_sharing.depth,server.complexities.total_nr_of_gates,server.complexities.total_depth,server.timings.total,server.timings.init,server.timings.circuitgen,server.timings.network,server.timings.baseots,server.timings.setup,server.timings.otextension,server.timings.garbling,server.timings.online,server.communication.total.sent,server.communication.total.received,server.communication.base_ots.sent,server.communication.base_ots.received,server.communication.setup.sent,server.communication.setup.received,server.communication.otextension.sent,server.communication.otextension.received,server.communication.garbling.sent,server.communication.garbling.received,server.communication.online.sent,server.communication.online.received,server.cos_dist_ver,server.cos_dist_sfe,client.hardware.aes.performance,client.hardware.rtt,client.hardware.throughput,client.online_time.bool.local_gates,client.online_time.bool.interactive_gates,client.online_time.bool.layer_finish,client.online_time.yao.local_gates,client.online_time.yao.interactive_gates,client.online_time.yao.layer_finish,client.online_time.yao_rev.local_gates,client.online_time.yao_rev.interactive_gates,client.online_time.yao_rev.layer_finish,client.online_time.arith.local_gates,client.online_time.arith.interactive_gates,client.online_time.arith.layer_finish,client.online_time.splut.local_gates,client.online_time.splut.interactive_gates,client.online_time.splut.layer_finish,client.online_time.communication,client.complexities.boolean_sharing.ands,client.complexities.boolean_sharing.depth,client.complexities.total_vec_and,client.complexities.total_non_vec_and,client.complexities.xor_vals,client.complexities.gates,client.complexities.comb_gates,client.complexities.combstruct_gates,client.complexities.perm_gates,client.complexities.subset_gates,client.complexities.split_gates,client.complexities.yao.ands,client.complexities.yao.depth,client.complexities.reverse_yao.ands,client.complexities.reverse_yao.depth,client.complexities.arithmetic_sharing.muls,client.complexities.arithmetic_sharing.depth,client.complexities.sp_lut_sharing.ot_gates_total,client.complexities.sp_lut_sharing.depth,client.complexities.total_nr_of_gates,client.complexities.total_depth,client.timings.total,client.timings.init,client.timings.circuitgen,client.timings.network,client.timings.baseots,client.timings.setup,client.timings.otextension,client.timings.garbling,client.timings.online,client.communication.total.sent,client.communication.total.received,client.communication.base_ots.sent,client.communication.base_ots.received,client.communication.setup.sent,client.communication.setup.received,client.communication.otextension.sent,client.communication.otextension.received,client.communication.garbling.sent,client.communication.garbling.received,client.communication.online.sent,client.communication.online.received,client.cos_dist_ver,client.cos_dist_sfe
0,lfw/Adrian_McPherson/Adrian_McPherson_0001.jpg,lfw/Adrian_McPherson/Adrian_McPherson_0002.jpg,False,True,0.7936480194330215,0.793648243,154.21641206741333,139.24096179008484,14.975450277328491,17942,8746,9196,8747,"""/home/kamil/pffrocd/ABY/build/bin/cos_dist_float_scen_simd_32 -r 0 -a 192.168.0.102 -f /home/kamil/pffrocd/ABY/build/bin/embeddings.txt -o /home/kamil/pffrocd -s 112 -x 0""",28.79,6.55,25%,2:18.84,0,0,0,0,135780,0,3,67337,73334,38824,0,392,0,0,0,0,4096,0,"""/home/kamil/pffrocd/ABY/build/bin/cos_dist_float_scen_simd_32 -r 1 -a 192.168.0.102 -f /home/kamil/pffrocd/ABY/build/bin/embeddings.txt -o /home/kamil/pffrocd -s 112 -x 0""",57.55,9.65,48%,2:18.64,0,0,0,0,135704,0,3,65989,72463,35070,0,120,0,0,0,0,4096,0,30.066361799999996,4.7664,47.7196618987,5.9650625000,2.5134419070,213.2300000000,220.3130000000,234.0440000000,12.3370000000,9.5710000000,6.4150000000,10.8280000000,9.7000000000,3.6870000000,8.0200000000,9.5240000000,13.5100000000,8.3060000000,8.5050000000,78.1920000000,29291.3180000000,621887,7541,621887,621887,575264,194010,0,0,0,4096,0,0,0,0,0,0,0,0,1,437313,7541,37920.7260000000,21854.2010000000,0.3670000000,24748.4420000000,52344.8710000000,7743.5770000000,7738.4630000000,0.0070000000,30177.1420000000,9781208,9781208,67138388,67138388,9551528,9551528,9551528,9551528,0,0,229680,229680,0.7936480045,0.7936482430,23.4338316699,5.9290000000,2.5916953980,292.8430000000,301.4370000000,281.6350000000,13.1290000000,11.7890000000,4.2180000000,13.1280000000,11.2570000000,4.6110000000,12.8200000000,15.0650000000,14.4130000000,14.4580000000,13.0790000000,87.1330000000,29042.6190000000,621887,7541,621887,621887,575264,194010,0,0,0,4096,0,0,0,0,0,0,0,0,1,437313,7541,37918.9420000000,44509.5950000000,0.6570000000,77.6890000000,52345.0000000000,7744.2540000000,7731.9930000000,0.0100000000,30174.6770000000,9781208,9781208,67138379,67138388,9551537,9551528,9551519,9551528,0,0,229671,229680,0.7936480045,0.7936482430
0,lfw/Adrian_McPherson/Adrian_McPherson_0001.jpg,lfw/Asif_Ali_Zardari/Asif_Ali_Zardari_0001.jpg,False,False,1.0672897845506668,1.06728971,156.44868850708008,139.63554620742798,16.8131422996521,17942,8746,9196,8735,"""/home/kamil/pffrocd/ABY/build/bin/cos_dist_float_scen_simd_32 -r 0 -a 192.168.0.102 -f /home/kamil/pffrocd/ABY/build/bin/embeddings.txt -o /home/kamil/pffrocd -s 112 -x 0""",29.22,6.57,25%,2:19.19,0,0,0,0,135784,0,0,66928,72959,38173,0,0,0,0,0,0,4096,0,"""/home/kamil/pffrocd/ABY/build/bin/cos_dist_float_scen_simd_32 -r 1 -a 192.168.0.102 -f /home/kamil/pffrocd/ABY/build/bin/embeddings.txt -o /home/kamil/pffrocd -s 112 -x 0""",57.22,9.96,48%,2:19.05,0,0,0,0,135684,0,0,65983,72525,37605,0,0,0,0,0,0,4096,0,20.377000000000002,7.373679999999999,47.4200000519,6.5660625000,2.4906476182,210.2520000000,220.7460000000,214.4360000000,11.8410000000,9.0530000000,4.8070000000,10.1810000000,10.1600000000,3.3500000000,8.8550000000,9.3780000000,12.9470000000,8.4810000000,8.8040000000,67.8610000000,29578.4909999999,621887,7541,621887,621887,575264,194010,0,0,0,4096,0,0,0,0,0,0,0,0,1,437313,7541,37997.3240000000,22032.6820000000,0.3070000000,24380.4330000000,52817.4820000000,7577.5240000000,7571.7090000000,0.0070000000,30419.7930000000,9781208,9781208,67138388,67138388,9551528,9551528,9551528,9551528,0,0,229680,229680,1.0672898293,1.0672897100,23.4537266105,6.4736250000,2.5697359586,292.2210000000,304.9150000000,275.0050000000,13.2810000000,12.8800000000,4.1100000000,14.1490000000,11.2460000000,4.4930000000,11.8470000000,13.0030000000,11.4850000000,13.5600000000,11.2860000000,84.9680000000,29300.2080000000,621887,7541,621887,621887,575264,194010,0,0,0,4096,0,0,0,0,0,0,0,0,1,437313,7541,38005.5120000000,44474.1170000000,0.6030000000,25.1740000000,52817.1940000000,7578.9200000000,7566.7660000000,0.0110000000,30426.5820000000,9781217,9781208,67138379,67138388,9551537,9551528,9551528,9551528,0,0,229680,229680,1.0672898293,1.0672897100
0,lfw/Adrian_Nastase/Adrian_Nastase_0001.jpg,lfw/Adrian_Nastase/Adrian_Nastase_0002.jpg,True,True,0.5122029781341553,0.5122027397,159.32423281669617,143.2625653743744,16.061667442321777,17962,8753,9209,8744,"""/home/kamil/pffrocd/ABY/build/bin/cos_dist_float_scen_simd_32 -r 0 -a 192.168.0.102 -f /home/kamil/pffrocd/ABY/build/bin/embeddings.txt -o /home/kamil/pffrocd -s 112 -x 0""",29.33,6.74,25%,2:22.78,0,0,0,0,135772,0,0,67020,72694,35596,0,0,0,0,0,0,4096,0,"""/home/kamil/pffrocd/ABY/build/bin/cos_dist_float_scen_simd_32 -r 1 -a 192.168.0.102 -f /home/kamil/pffrocd/ABY/build/bin/embeddings.txt -o /home/kamil/pffrocd -s 112 -x 0""",57.48,9.61,47%,2:22.54,0,0,0,0,135672,0,0,65988,72131,36416,0,0,0,0,0,0,4096,0,16.54984,7.18821,47.3733446567,6.0457500000,2.3875782214,213.4390000000,232.3950000000,235.8250000000,13.3340000000,9.6830000000,6.5040000000,12.5170000000,9.1550000000,4.2980000000,8.1710000000,9.9080000000,12.3000000000,7.6790000000,8.3400000000,68.6150000000,30261.5429999999,621887,7541,621887,621887,575264,194010,0,0,0,4096,0,0,0,0,0,0,0,0,1,437313,7541,39185.8360000000,22055.6150000000,0.3820000000,24520.1590000000,55045.6900000000,8032.9630000000,8027.1430000000,0.0070000000,31152.8640000000,9781208,9781208,67138388,67138388,9551528,9551528,9551528,9551528,0,0,229680,229680,0.5122028589,0.5122027397,23.4346875943,5.9702500000,2.4665922244,286.6220000000,304.0180000000,275.6840000000,12.8890000000,12.5810000000,3.8820000000,11.6050000000,10.5460000000,4.9860000000,11.0470000000,12.8840000000,11.1540000000,13.5660000000,12.0380000000,82.7410000000,30045.3550000000,621887,7541,621887,621887,575264,194010,0,0,0,4096,0,0,0,0,0,0,0,0,1,437313,7541,39186.5940000000,44508.0980000000,0.5850000000,113.1190000000,55046.4980000000,8031.6050000000,8020.1450000000,0.0110000000,31154.9790000000,9781217,9781208,67138379,67138388,9551537,9551528,9551528,9551528,0,0,229680,229680,0.5122028589,0.5122027397
0,lfw/Adrian_Nastase/Adrian_Nastase_0001.jpg,lfw/Abdullah_al-Attiyah/Abdullah_al-Attiyah_0002.jpg,False,False,0.7220844328403473,0.7220844626,158.51989459991455,142.58259510993958,15.937299489974976,17962,8753,9209,8766,"""/home/kamil/pffrocd/ABY/build/bin/cos_dist_float_scen_simd_32 -r 0 -a 192.168.0.102 -f /home/kamil/pffrocd/ABY/build/bin/embeddings.txt -o /home/kamil/pffrocd -s 112 -x 0""",29.24,6.85,25%,2:22.15,0,0,0,0,135648,0,0,67015,73317,36887,0,0,0,0,0,0,4096,0,"""/home/kamil/pffrocd/ABY/build/bin/cos_dist_float_scen_simd_32 -r 1 -a 192.168.0.102 -f /home/kamil/pffrocd/ABY/build/bin/embeddings.txt -o /home/kamil/pffrocd -s 112 -x 0""",57.18,10.12,47%,2:22.00,0,0,0,0,135732,0,0,65990,73035,35705,0,0,0,0,0,0,4096,0,29.829758699999996,7.24692528,47.3843470252,6.4447500000,2.4136536616,207.5690000000,230.0740000000,206.3640000000,14.4600000000,9.5550000000,5.2290000000,12.0300000000,9.0100000000,3.5200000000,8.5940000000,8.3810000000,10.1380000000,7.3510000000,7.9390000000,59.1190000000,30383.7880000000,621887,7541,621887,621887,575264,194010,0,0,0,4096,0,0,0,0,0,0,0,0,1,437313,7541,39154.9870000000,22048.0000000000,0.3160000000,24473.6380000000,54482.7040000000,7940.8580000000,7934.9770000000,0.0070000000,31214.1230000000,9781208,9781208,67138388,67138388,9551528,9551528,9551528,9551528,0,0,229680,229680,0.7220844030,0.7220844626,23.4396093002,6.3708750000,2.4910508996,291.3020000000,316.3570000000,295.3290000000,13.3070000000,12.9900000000,4.0780000000,14.3400000000,10.7310000000,7.7430000000,11.6520000000,13.6590000000,12.1770000000,13.8680000000,11.2920000000,81.4890000000,30063.1430000001,621887,7541,621887,621887,575264,194010,0,0,0,4096,0,0,0,0,0,0,0,0,1,437313,7541,39160.2350000000,44503.6390000000,0.5910000000,81.5410000000,54481.7910000000,7940.4130000000,7928.9790000000,0.0120000000,31219.8110000000,9781208,9781208,67138388,67138388,9551528,9551528,9551520,9551528,0,0,229680,229680,0.7220844030,0.7220844626
0,lfw/Adrian_McPherson/Adrian_McPherson_0001.jpg,lfw/Oleksandr_Moroz/Oleksandr_Moroz_0001.jpg,False,False,0.9101511910557747,0.9101512432,163.69419312477112,147.8821702003479,15.812022924423218,17956,8752,9204,8756,"""/home/kamil/pffrocd/ABY/build/bin/cos_dist_float_scen_simd_32 -r 0 -a 192.168.0.102 -f /home/kamil/pffrocd/ABY/build/bin/embeddings.txt -o /home/kamil/pffrocd -s 112 -x 0""",29.31,6.70,24%,2:27.39,0,0,0,0,135788,0,1,67018,72752,39578,0,8,0,0,0,0,4096,0,"""/home/kamil/pffrocd/ABY/build/bin/cos_dist_float_scen_simd_32 -r 1 -a 192.168.0.102 -f /home/kamil/pffrocd/ABY/build/bin/embeddings.txt -o /home/kamil/pffrocd -s 112 -x 0""",57.51,9.84,45%,2:27.25,0,0,0,0,135768,0,0,66435,72781,35255,0,0,0,0,0,0,4096,0,28.32621226,6.9713,47.4787486234,6.1491250000,2.2611523567,212.4980000000,228.1300000000,228.0150000000,12.7650000000,10.0260000000,5.4570000000,9.7940000000,9.5330000000,3.3310000000,7.8300000000,10.6720000000,10.6060000000,7.8200000000,8.5350000000,69.6900000000,31198.3700000001,621887,7541,621887,621887,575264,194010,0,0,0,4096,0,0,0,0,0,0,0,0,1,437313,7541,40809.7990000000,21985.5330000000,0.3260000000,24563.3870000000,58046.4700000000,8740.7550000000,8734.9710000000,0.0070000000,32069.0370000000,9781208,9781208,67138388,67138388,9551528,9551528,9551528,9551528,0,0,229680,229680,0.9101511836,0.9101512432,23.4227092682,6.1836875000,2.3245448528,296.7810000000,303.9590000000,315.0460000000,13.1590000000,11.6150000000,3.7520000000,13.7650000000,12.1230000000,6.0280000000,13.3420000000,15.9020000000,13.4490000000,13.9230000000,11.5160000000,90.1540000000,30893.4749999999,621887,7541,621887,621887,575264,194010,0,0,0,4096,0,0,0,0,0,0,0,0,1,437313,7541,40814.1310000000,44532.3770000000,0.5570000000,53.8020000000,58043.6260000000,8744.9800000000,8733.5130000000,0.0090000000,32069.1410000000,9781217,9781208,67138379,67138388,9551537,9551528,9551519,9551528,0,0,229680,229680,0.9101511836,0.9101512432
0,lfw/Adrian_Nastase/Adrian_Nastase_0001.jpg,lfw/Michael_Leavitt/Michael_Leavitt_0001.jpg,False,False,0.7980254739522934,0.7980254889,162.3934645652771,142.3928792476654,20.000585317611694,17977,8760,9217,8761,"""/home/kamil/pffrocd/ABY/build/bin/cos_dist_float_scen_simd_32 -r 0 -a 192.168.0.102 -f /home/kamil/pffrocd/ABY/build/bin/embeddings.txt -o /home/kamil/pffrocd -s 112 -x 0""",29.61,6.23,25%,2:21.89,0,0,0,0,135760,0,0,67338,68157,34926,0,288,0,0,0,0,4096,0,"""/home/kamil/pffrocd/ABY/build/bin/cos_dist_float_scen_simd_32 -r 1 -a 192.168.0.102 -f /home/kamil/pffrocd/ABY/build/bin/embeddings.txt -o /home/kamil/pffrocd -s 112 -x 0""",57.58,9.55,47%,2:21.77,0,0,0,0,135684,0,0,65985,72194,34025,0,0,0,0,0,0,4096,0,29.458827560000003,7.27474199,47.4662897794,6.2893125000,2.4447420960,206.3070000000,231.2120000000,200.3570000000,8.8750000000,9.3460000000,4.6170000000,10.9020000000,8.9460000000,3.4280000000,9.1280000000,10.7800000000,11.3870000000,7.8360000000,8.1770000000,63.1680000000,30924.1950000000,621887,7541,621887,621887,575264,194010,0,0,0,4096,0,0,0,0,0,0,0,0,1,437313,7541,39708.4820000000,22009.3040000000,0.3010000000,24355.5210000000,53816.5170000000,7956.1310000000,7950.2800000000,0.0060000000,31752.3460000000,9781208,9781208,67138388,67138388,9551528,9551528,9551528,9551528,0,0,229680,229680,0.7980255485,0.7980254889,23.4221183344,6.3205625000,2.5222506350,286.4330000000,305.2010000000,282.6000000000,13.8300000000,12.9810000000,3.9390000000,13.4150000000,11.0380000000,4.8900000000,13.6330000000,15.0250000000,13.9530000000,13.7950000000,12.9470000000,84.2570000000,30623.0640000001,621887,7541,621887,621887,575264,194010,0,0,0,4096,0,0,0,0,0,0,0,0,1,437313,7541,39709.1410000000,44535.9070000000,0.6030000000,27.8100000000,53817.1670000000,7957.1250000000,7945.8270000000,0.0100000000,31752.0060000000,9781217,9781208,67138379,67138388,9551537,9551528,9551528,9551528,0,0,229680,229680,0.7980255485,0.7980254889
0,lfw/Adrien_Brody/Adrien_Brody_0001.jpg,lfw/Adrien_Brody/Adrien_Brody_0002.jpg,False,True,0.9199863970279694,0.9199864268,162.20929288864136,143.6542031764984,18.555089712142944,17965,8748,9217,8748,"""/home/kamil/pffrocd/ABY/build/bin/cos_dist_float_scen_simd_32 -r 0 -a 192.168.0.102 -f /home/kamil/pffrocd/ABY/build/bin/embeddings.txt -o /home/kamil/pffrocd -s 112 -x 0""",29.14,6.93,25%,2:23.21,0,0,0,0,135716,0,0,66614,73209,37819,0,288,0,0,0,0,4096,0,"""/home/kamil/pffrocd/ABY/build/bin/cos_dist_float_scen_simd_32 -r 1 -a 192.168.0.102 -f /home/kamil/pffrocd/ABY/build/bin/embeddings.txt -o /home/kamil/pffrocd -s 112 -x 0""",57.41,9.78,46%,2:23.07,0,0,0,0,135740,0,0,66436,72133,36763,0,0,0,0,0,0,4096,0,29.598449759999998,7.143180000000001,47.4571385338,6.5945000000,2.4189781231,217.0070000000,227.4570000000,230.1660000000,10.2490000000,9.3360000000,3.7810000000,9.3840000000,8.0510000000,3.8120000000,7.9100000000,10.0240000000,10.8560000000,8.6100000000,8.2320000000,70.7540000000,31656.0180000000,621887,7541,621887,621887,575264,194010,0,0,0,4096,0,0,0,0,0,0,0,0,1,437313,7541,40408.2200000000,22018.9420000000,0.2980000000,24456.6200000000,54345.8680000000,7875.8330000000,7869.9520000000,0.0060000000,32532.3800000000,9781208,9781208,67138388,67138388,9551528,9551528,9551528,9551528,0,0,229680,229680,0.9199864268,0.9199864268,23.4557304812,6.4635000000,2.4969096841,292.9830000000,315.0500000000,288.6670000000,15.5940000000,12.0320000000,4.8700000000,14.0220000000,11.6500000000,5.8750000000,11.3750000000,14.0660000000,13.2320000000,13.8410000000,11.2880000000,83.4800000000,31381.5570000000,621887,7541,621887,621887,575264,194010,0,0,0,4096,0,0,0,0,0,0,0,0,1,437313,7541,40407.9540000000,44470.4540000000,0.5640000000,34.2780000000,54347.8490000000,7876.7200000000,7865.1830000000,0.0110000000,32531.2140000000,9781217,9781208,67138379,67138388,9551537,9551528,9551528,9551528,0,0,229680,229680,0.9199864268,0.9199864268
0,lfw/Adrien_Brody/Adrien_Brody_0001.jpg,lfw/Adrien_Brody/Adrien_Brody_0003.jpg,False,True,0.8289421051740646,0.8289422989,165.62838697433472,147.84417176246643,17.784215211868286,17965,8748,9217,8738,"""/home/kamil/pffrocd/ABY/build/bin/cos_dist_float_scen_simd_32 -r 0 -a 192.168.0.102 -f /home/kamil/pffrocd/ABY/build/bin/embeddings.txt -o /home/kamil/pffrocd -s 112 -x 0""",29.62,6.64,24%,2:27.42,0,0,0,0,135672,0,0,67064,73517,39268,0,288,0,0,0,0,4096,0,"""/home/kamil/pffrocd/ABY/build/bin/cos_dist_float_scen_simd_32 -r 1 -a 192.168.0.102 -f /home/kamil/pffrocd/ABY/build/bin/embeddings.txt -o /home/kamil/pffrocd -s 112 -x 0""",57.45,9.88,45%,2:27.26,0,0,0,0,135768,0,0,65988,72666,36293,0,0,0,0,0,0,4096,0,28.35579005,7.058246820000001,47.3628161931,5.6588750000,2.3019295709,210.6320000000,224.8290000000,225.0390000000,9.8480000000,8.9270000000,3.7060000000,11.4410000000,8.5340000000,5.4580000000,8.3110000000,9.6770000000,10.7760000000,7.8360000000,8.2290000000,59.4310000000,33001.4800000000,621887,7541,621887,621887,575264,194010,0,0,0,4096,0,0,0,0,0,0,0,0,1,437313,7541,41780.6730000000,22067.9880000000,0.3260000000,24502.7390000000,57056.1050000000,7926.9520000000,7921.1690000000,0.0070000000,33853.7150000000,9781208,9781208,67138388,67138388,9551528,9551528,9551528,9551528,0,0,229680,229680,0.8289421201,0.8289422989,23.4296859338,5.7630625000,2.3702677904,296.1650000000,305.8820000000,299.8810000000,12.8460000000,13.0980000000,4.1260000000,14.0760000000,11.5950000000,5.4710000000,11.6310000000,14.0740000000,12.2550000000,13.5780000000,11.2000000000,86.8820000000,32691.9400000000,621887,7541,621887,621887,575264,194010,0,0,0,4096,0,0,0,0,0,0,0,0,1,437313,7541,41777.1720000000,44519.4650000000,0.6150000000,103.4930000000,57058.9820000000,7928.5030000000,7916.4920000000,0.0090000000,33848.6590000000,9781217,9781208,67138379,67138388,9551537,9551528,9551528,9551528,0,0,229680,229680,0.8289421201,0.8289422989
0,lfw/Adrien_Brody/Adrien_Brody_0001.jpg,lfw/Adrien_Brody/Adrien_Brody_0004.jpg,False,True,0.7118381857872009,0.7118384242,157.30529236793518,140.4877860546112,16.817506313323975,17965,8748,9217,8740,"""/home/kamil/pffrocd/ABY/build/bin/cos_dist_float_scen_simd_32 -r 0 -a 192.168.0.102 -f /home/kamil/pffrocd/ABY/build/bin/embeddings.txt -o /home/kamil/pffrocd -s 112 -x 0""",29.28,6.82,25%,2:20.01,0,0,0,0,135772,0,0,67334,73481,37535,0,0,0,0,0,0,4096,0,"""/home/kamil/pffrocd/ABY/build/bin/cos_dist_float_scen_simd_32 -r 1 -a 192.168.0.102 -f /home/kamil/pffrocd/ABY/build/bin/embeddings.txt -o /home/kamil/pffrocd -s 112 -x 0""",57.58,9.50,47%,2:19.85,0,0,0,0,135712,0,0,65988,71663,33771,0,0,0,0,0,0,4096,0,30.34444,4.45116,47.4413916969,5.8321875000,2.5187363484,207.8490000000,224.9290000000,211.6350000000,9.4770000000,9.1280000000,4.0680000000,9.9560000000,8.1500000000,3.9560000000,8.1580000000,10.3930000000,9.1620000000,8.4080000000,8.6120000000,66.1820000000,30794.8770000000,621887,7541,621887,621887,575264,194010,0,0,0,4096,0,0,0,0,0,0,0,0,1,437313,7541,39298.9160000000,22021.7070000000,0.3230000000,24427.9850000000,52273.9670000000,7672.0990000000,7666.2880000000,0.0060000000,31626.8000000000,9781208,9781208,67138388,67138388,9551528,9551528,9551528,9551528,0,0,229680,229680,0.7118381858,0.7118384242,23.4467431386,5.7955000000,2.5977078597,290.5500000000,302.8820000000,296.4880000000,13.7450000000,12.0730000000,4.1780000000,13.3600000000,11.2360000000,5.9500000000,11.9940000000,14.5010000000,11.9180000000,13.2380000000,11.7770000000,90.0940000000,30481.5949999999,621887,7541,621887,621887,575264,194010,0,0,0,4096,0,0,0,0,0,0,0,0,1,437313,7541,39303.5550000000,44485.2970000000,0.6110000000,43.7350000000,52273.4980000000,7670.9540000000,7659.3310000000,0.0100000000,31632.5930000000,9781217,9781208,67138379,67138388,9551537,9551528,9551528,9551528,0,0,229680,229680,0.7118381858,0.7118384242
0,lfw/Adrien_Brody/Adrien_Brody_0001.jpg,lfw/Adrien_Brody/Adrien_Brody_0005.jpg,True,True,0.57862788438797,0.5786278844,158.0291450023651,138.9973075389862,19.031837463378906,17965,8748,9217,8744,"""/home/kamil/pffrocd/ABY/build/bin/cos_dist_float_scen_simd_32 -r 0 -a 192.168.0.102 -f /home/kamil/pffrocd/ABY/build/bin/embeddings.txt -o /home/kamil/pffrocd -s 112 -x 0""",29.27,6.73,25%,2:18.56,0,0,0,0,135804,0,0,67337,73442,38796,0,288,0,0,0,0,4096,0,"""/home/kamil/pffrocd/ABY/build/bin/cos_dist_float_scen_simd_32 -r 1 -a 192.168.0.102 -f /home/kamil/pffrocd/ABY/build/bin/embeddings.txt -o /home/kamil/pffrocd -s 112 -x 0""",57.32,9.95,48%,2:18.41,0,0,0,0,135740,0,0,65987,72159,38169,0,0,0,0,0,0,4096,0,30.093120000000003,7.44642,47.4390246388,5.6891250000,2.5703322215,211.6760000000,220.1250000000,205.7600000000,10.1670000000,10.3780000000,3.5350000000,9.2100000000,7.9710000000,3.0520000000,8.2190000000,9.5840000000,11.3390000000,7.6430000000,8.1570000000,66.2310000000,29953.2279999999,621887,7541,621887,621887,575264,194010,0,0,0,4096,0,0,0,0,0,0,0,0,1,437313,7541,38754.0380000000,22020.9850000000,0.3140000000,24550.4810000000,51238.6250000000,7976.0360000000,7970.2380000000,0.0070000000,30777.9960000000,9781208,9781208,67138388,67138388,9551528,9551528,9551528,9551528,0,0,229680,229680,0.5786280632,0.5786278844,23.4439614342,5.6232500000,2.6512420168,292.1120000000,311.7460000000,291.6120000000,14.3640000000,13.7790000000,4.6080000000,12.9430000000,11.9360000000,6.6610000000,11.8110000000,12.9570000000,12.0040000000,14.8690000000,12.1500000000,89.1190000000,29622.3560000000,621887,7541,621887,621887,575264,194010,0,0,0,4096,0,0,0,0,0,0,0,0,1,437313,7541,38758.9250000000,44492.1320000000,0.6380000000,106.1390000000,51239.3760000000,7976.5830000000,7965.0880000000,0.0100000000,30782.3320000000,9781217,9781208,67138379,67138388,9551537,9551528,9551528,9551528,0,0,229680,229680,0.5786280632,0.5786278844
0,lfw/Adrien_Brody/Adrien_Brody_0001.jpg,lfw/Adrien_Brody/Adrien_Brody_0006.jpg,True,True,0.5517679750919342,0.5517679453,174.74654483795166,158.05505537986755,16.691489458084106,17965,8748,9217,8754,"""/home/kamil/pffrocd/ABY/build/bin/cos_dist_float_scen_simd_32 -r 0 -a 192.168.0.102 -f /home/kamil/pffrocd/ABY/build/bin/embeddings.txt -o /home/kamil/pffrocd -s 112 -x 0""",29.52,6.66,22%,2:37.62,0,0,0,0,135772,0,0,67024,70624,35563,0,0,0,0,0,0,4096,0,"""/home/kamil/pffrocd/ABY/build/bin/cos_dist_float_scen_simd_32 -r 1 -a 192.168.0.102 -f /home/kamil/pffrocd/ABY/build/bin/embeddings.txt -o /home/kamil/pffrocd -s 112 -x 0""",57.59,9.59,42%,2:37.48,0,0,0,0,135732,0,0,65991,72025,36099,0,0,0,0,0,0,4096,0,27.104612850000006,6.54498348,47.4371390736,6.8215000000,1.9556046575,217.0480000000,239.6720000000,227.7670000000,9.2170000000,9.6450000000,3.8330000000,9.9970000000,8.7900000000,3.9730000000,8.1910000000,10.5040000000,10.9500000000,7.6470000000,7.9440000000,62.5240000000,33076.9810000000,621887,7541,621887,621887,575264,194010,0,0,0,4096,0,0,0,0,0,0,0,0,1,437313,7541,42202.3520000000,22023.6310000000,0.3190000000,24474.6380000000,66930.0060000000,8253.1450000000,8247.3320000000,0.0070000000,33949.2010000000,9781208,9781208,67138388,67138388,9551528,9551528,9551528,9551528,0,0,229680,229680,0.5517679453,0.5517679453,23.4526275818,6.7733125000,2.0003253029,287.5170000000,312.6580000000,281.8640000000,13.2910000000,13.6380000000,3.6830000000,13.6950000000,11.0250000000,5.2670000000,11.4130000000,13.1380000000,12.8620000000,13.0980000000,11.7310000000,80.3090000000,32820.3159999999,621887,7541,621887,621887,575264,194010,0,0,0,4096,0,0,0,0,0,0,0,0,1,437313,7541,42203.1900000000,44477.7010000000,0.6090000000,58.1680000000,66930.5370000000,8253.8390000000,8242.4180000000,0.0100000000,33949.3410000000,9781217,9781208,67138379,67138388,9551537,9551528,9551528,9551528,0,0,229680,229680,0.5517679453,0.5517679453
0,lfw/Adrien_Brody/Adrien_Brody_0001.jpg,lfw/Adrien_Brody/Adrien_Brody_0007.jpg,False,True,0.6581714153289795,0.6581714153,161.32639813423157,142.3214430809021,19.004955053329468,17965,8748,9217,8748,"""/home/kamil/pffrocd/ABY/build/bin/cos_dist_float_scen_simd_32 -r 0 -a 192.168.0.102 -f /home/kamil/pffrocd/ABY/build/bin/embeddings.txt -o /home/kamil/pffrocd -s 112 -x 0""",29.14,6.87,25%,2:21.85,0,0,0,0,135792,0,0,67062,73351,39454,0,288,0,0,0,0,4096,0,"""/home/kamil/pffrocd/ABY/build/bin/cos_dist_float_scen_simd_32 -r 1 -a 192.168.0.102 -f /home/kamil/pffrocd/ABY/build/bin/embeddings.txt -o /home/kamil/pffrocd -s 112 -x 0""",57.16,9.94,47%,2:21.72,0,0,0,0,135716,0,0,65984,70994,36740,0,0,0,0,0,0,4096,0,29.689574959999995,4.94296,47.4523553329,5.9271250000,2.3803223659,205.7640000000,218.6520000000,200.3380000000,9.2870000000,9.9120000000,3.9440000000,10.0670000000,8.0430000000,4.1560000000,8.6890000000,9.6880000000,9.0650000000,8.4330000000,8.5270000000,70.3850000000,29618.7019999998,621887,7541,621887,621887,575264,194010,0,0,0,4096,0,0,0,0,0,0,0,0,1,437313,7541,38131.8440000000,22018.0040000000,0.3250000000,24516.2970000000,55226.3120000000,7697.9430000000,7692.1170000000,0.0070000000,30433.8930000000,9781208,9781208,67138388,67138388,9551528,9551528,9551528,9551528,0,0,229680,229680,0.6581714153,0.6581714153,23.4367858389,5.8591250000,2.4503212208,292.6480000000,305.8690000000,308.2310000000,13.3310000000,12.1760000000,4.6250000000,15.5190000000,13.3090000000,6.5540000000,12.1090000000,13.3100000000,11.1240000000,13.5630000000,11.4300000000,84.5260000000,29274.7179999999,621887,7541,621887,621887,575264,194010,0,0,0,4096,0,0,0,0,0,0,0,0,1,437313,7541,38136.2170000000,44503.9190000000,0.5560000000,61.1120000000,55227.7030000000,7697.7570000000,7685.7230000000,0.0100000000,30438.4510000000,9781208,9781208,67138388,67138388,9551528,9551528,9551528,9551528,0,0,229680,229680,0.6581714153,0.6581714153
0,lfw/Adrien_Brody/Adrien_Brody_0001.jpg,lfw/Adrien_Brody/Adrien_Brody_0008.jpg,True,True,0.4181985855102539,0.4181988835,155.31364560127258,137.84537768363953,17.468267917633057,17965,8748,9217,8751,"""/home/kamil/pffrocd/ABY/build/bin/cos_dist_float_scen_simd_32 -r 0 -a 192.168.0.102 -f /home/kamil/pffrocd/ABY/build/bin/embeddings.txt -o /home/kamil/pffrocd -s 112 -x 0""",29.21,6.79,26%,2:17.40,0,0,0,0,135792,0,0,67022,73703,38860,0,288,0,0,0,0,4096,0,"""/home/kamil/pffrocd/ABY/build/bin/cos_dist_float_scen_simd_32 -r 1 -a 192.168.0.102 -f /home/kamil/pffrocd/ABY/build/bin/embeddings.txt -o /home/kamil/pffrocd -s 112 -x 0""",57.44,9.79,48%,2:17.25,0,0,0,0,135736,0,0,65987,72510,35658,0,0,0,0,0,0,4096,0,30.34999584,4.68255,47.3760799745,6.1347500000,2.5691600318,213.2230000000,223.1240000000,232.3540000000,8.9920000000,9.9770000000,3.5300000000,9.5110000000,8.4270000000,3.0800000000,8.7340000000,10.9880000000,11.2750000000,8.4930000000,8.2500000000,70.3780000000,29177.2430000001,621887,7541,621887,621887,575264,194010,0,0,0,4096,0,0,0,0,0,0,0,0,1,437313,7541,37610.2440000000,22052.4370000000,0.3270000000,24505.6140000000,51280.5010000000,7571.2550000000,7565.4650000000,0.0070000000,30038.9810000000,9781199,9781208,67138388,67138388,9551528,9551528,9551528,9551528,0,0,229671,229680,0.4181985259,0.4181988835,23.4115883201,6.0440625000,2.6477440672,297.5060000000,305.0760000000,307.6900000000,13.5280000000,13.0760000000,5.0850000000,15.6640000000,11.1930000000,7.7810000000,12.4780000000,13.3020000000,13.4760000000,14.2310000000,11.7980000000,85.4700000000,28868.8670000000,621887,7541,621887,621887,575264,194010,0,0,0,4096,0,0,0,0,0,0,0,0,1,437313,7541,37618.0630000000,44554.9020000000,0.7080000000,63.8590000000,51281.0490000000,7572.2380000000,7560.9140000000,0.0090000000,30045.8170000000,9781217,9781208,67138379,67138388,9551537,9551528,9551528,9551528,0,0,229680,229680,0.4181985259,0.4181988835
0,lfw/Adrien_Brody/Adrien_Brody_0001.jpg,lfw/Adrien_Brody/Adrien_Brody_0009.jpg,True,True,0.5832369327545166,0.583237052,159.31410765647888,141.14101576805115,18.173091888427734,17965,8748,9217,8748,"""/home/kamil/pffrocd/ABY/build/bin/cos_dist_float_scen_simd_32 -r 0 -a 192.168.0.102 -f /home/kamil/pffrocd/ABY/build/bin/embeddings.txt -o /home/kamil/pffrocd -s 112 -x 0""",29.49,6.62,25%,2:20.71,0,0,0,0,135776,0,0,66934,73742,36702,0,0,0,0,0,0,4096,0,"""/home/kamil/pffrocd/ABY/build/bin/cos_dist_float_scen_simd_32 -r 1 -a 192.168.0.102 -f /home/kamil/pffrocd/ABY/build/bin/embeddings.txt -o /home/kamil/pffrocd -s 112 -x 0""",57.43,9.74,47%,2:20.55,0,0,0,0,135768,0,0,65986,72151,34792,0,0,0,0,0,0,4096,0,29.624010000000002,4.60399,47.3481301789,6.1326875000,2.4529282588,208.6120000000,226.0820000000,211.1020000000,8.5990000000,9.4260000000,2.8590000000,10.5430000000,8.8060000000,4.0470000000,8.7300000000,9.7990000000,11.9790000000,8.2930000000,8.2820000000,65.2920000000,29911.6840000001,621887,7541,621887,621887,575264,194010,0,0,0,4096,0,0,0,0,0,0,0,0,1,437313,7541,38540.3600000000,22066.6350000000,0.3130000000,24472.3860000000,53632.0750000000,7793.2180000000,7787.4210000000,0.0070000000,30747.1350000000,9781208,9781208,67138388,67138388,9551528,9551528,9551528,9551528,0,0,229680,229680,0.5832370520,0.5832370520,23.4471758598,6.0013125000,2.5279778018,292.5930000000,306.5530000000,296.9640000000,13.8190000000,12.3150000000,3.7520000000,14.2820000000,11.5600000000,5.7350000000,12.0330000000,14.0640000000,12.8540000000,14.2510000000,12.6480000000,91.5030000000,29587.9379999999,621887,7541,621887,621887,575264,194010,0,0,0,4096,0,0,0,0,0,0,0,0,1,437313,7541,38545.8650000000,44492.4000000000,0.6070000000,94.8390000000,53632.4240000000,7793.5340000000,7781.5470000000,0.0100000000,30752.3200000000,9781217,9781208,67138379,67138388,9551537,9551528,9551520,9551528,0,0,229680,229680,0.5832370520,0.5832370520
0,lfw/Adrien_Brody/Adrien_Brody_0001.jpg,lfw/Adrien_Brody/Adrien_Brody_0010.jpg,False,True,0.616258054971695,0.616258204,166.75419902801514,149.58265447616577,17.171544551849365,17965,8748,9217,8757,"""/home/kamil/pffrocd/ABY/build/bin/cos_dist_float_scen_simd_32 -r 0 -a 192.168.0.102 -f /home/kamil/pffrocd/ABY/build/bin/embeddings.txt -o /home/kamil/pffrocd -s 112 -x 0""",29.50,6.74,24%,2:29.13,0,0,0,0,135772,0,0,67016,74353,38627,0,288,0,0,0,0,4096,0,"""/home/kamil/pffrocd/ABY/build/bin/cos_dist_float_scen_simd_32 -r 1 -a 192.168.0.102 -f /home/kamil/pffrocd/ABY/build/bin/embeddings.txt -o /home/kamil/pffrocd -s 112 -x 0""",57.48,9.64,45%,2:28.97,0,0,0,0,135684,0,0,65989,72172,35030,0,0,0,0,0,0,4096,0,28.209173040000003,6.9404275,47.4739698693,6.6126875000,2.1506874815,209.5450000000,229.5580000000,209.8670000000,9.4480000000,10.0480000000,3.5150000000,10.5530000000,7.8200000000,4.4740000000,8.6220000000,9.5210000000,10.9210000000,8.3510000000,7.7930000000,59.5080000000,31223.3200000000,621887,7541,621887,621887,575264,194010,0,0,0,4096,0,0,0,0,0,0,0,0,1,437313,7541,39679.3890000000,22047.7200000000,0.3270000000,24415.6620000000,60976.2120000000,7627.3940000000,7621.5890000000,0.0060000000,32051.9870000000,9781208,9781208,67138388,67138388,9551528,9551528,9551528,9551528,0,0,229680,229680,0.6162580252,0.6162582040,23.4285945172,6.5896250000,2.2067024380,286.3500000000,298.4990000000,269.0010000000,13.3420000000,12.9980000000,3.9700000000,12.7910000000,10.8610000000,5.9860000000,11.2500000000,12.9350000000,10.9460000000,13.4160000000,10.8420000000,77.3160000000,30958.5519999998,621887,7541,621887,621887,575264,194010,0,0,0,4096,0,0,0,0,0,0,0,0,1,437313,7541,39684.4050000000,44524.5660000000,0.5560000000,38.1600000000,60976.7880000000,7628.4290000000,7616.8080000000,0.0080000000,32055.9670000000,9781217,9781208,67138379,67138388,9551537,9551528,9551528,9551528,0,0,229680,229680,0.6162580252,0.6162582040
0,lfw/Adrien_Brody/Adrien_Brody_0001.jpg,lfw/Adrien_Brody/Adrien_Brody_0011.jpg,True,True,0.5512552857398987,0.5512554646,159.3249545097351,139.91581964492798,19.40913486480713,17965,8748,9217,8749,"""/home/kamil/pffrocd/ABY/build/bin/cos_dist_float_scen_simd_32 -r 0 -a 192.168.0.102 -f /home/kamil/pffrocd/ABY/build/bin/embeddings.txt -o /home/kamil/pffrocd -s 112 -x 0""",29.36,6.69,25%,2:19.48,0,0,0,0,135672,0,0,67020,73294,38502,0,288,0,0,0,0,4096,0,"""/home/kamil/pffrocd/ABY/build/bin/cos_dist_float_scen_simd_32 -r 1 -a 192.168.0.102 -f /home/kamil/pffrocd/ABY/build/bin/embeddings.txt -o /home/kamil/pffrocd -s 112 -x 0""",57.64,9.62,48%,2:19.31,0,0,0,0,135712,0,0,65992,71844,36850,0,0,0,0,0,0,4096,0,22.928240000000002,7.407839999999999,47.4782202937,5.7971875000,2.5316948916,210.5940000000,224.2230000000,208.5650000000,9.3290000000,9.7070000000,4.6720000000,8.8290000000,7.9140000000,3.9160000000,9.3090000000,10.4130000000,12.3250000000,7.8800000000,8.1480000000,66.4020000000,30255.7730000000,621887,7541,621887,621887,575264,194010,0,0,0,4096,0,0,0,0,0,0,0,0,1,437313,7541,38872.9590000000,22005.2960000000,0.3070000000,24589.8740000000,52010.8600000000,7776.8740000000,7771.0820000000,0.0060000000,31096.0650000000,9781208,9781208,67138388,67138388,9551528,9551528,9551528,9551528,0,0,229680,229680,0.5512554049,0.5512554646,23.4175965080,5.7002500000,2.6126554048,289.4650000000,301.8740000000,282.4690000000,12.9080000000,11.8910000000,3.4360000000,14.6130000000,11.6370000000,5.1750000000,12.5040000000,14.1990000000,13.4730000000,14.0780000000,11.9820000000,83.3400000000,29965.8100000000,621887,7541,621887,621887,575264,194010,0,0,0,4096,0,0,0,0,0,0,0,0,1,437313,7541,38867.6120000000,44541.1920000000,0.6300000000,77.8430000000,52008.8880000000,7777.4190000000,7765.8070000000,0.0090000000,31090.1840000000,9781217,9781208,67138379,67138388,9551537,9551528,9551528,9551528,0,0,229680,229680,0.5512554049,0.5512554646
0,lfw/Adrien_Brody/Adrien_Brody_0001.jpg,lfw/Adrien_Brody/Adrien_Brody_0012.jpg,True,True,0.5453350841999054,0.5453350544,162.8190953731537,145.58096837997437,17.23812699317932,17965,8748,9217,8753,"""/home/kamil/pffrocd/ABY/build/bin/cos_dist_float_scen_simd_32 -r 0 -a 192.168.0.102 -f /home/kamil/pffrocd/ABY/build/bin/embeddings.txt -o /home/kamil/pffrocd -s 112 -x 0""",29.24,6.89,24%,2:25.18,0,0,0,0,135660,0,0,67017,74381,40497,0,0,0,0,0,0,4096,0,"""/home/kamil/pffrocd/ABY/build/bin/cos_dist_float_scen_simd_32 -r 1 -a 192.168.0.102 -f /home/kamil/pffrocd/ABY/build/bin/embeddings.txt -o /home/kamil/pffrocd -s 112 -x 0""",57.22,9.95,46%,2:24.98,0,0,0,0,135684,0,0,65985,72129,32662,0,0,0,0,0,0,4096,0,28.66479166,7.0809983999999995,47.4848032399,5.8451875000,2.2680948742,212.1020000000,230.5830000000,232.5770000000,11.0690000000,9.9680000000,3.2800000000,8.4090000000,7.8500000000,4.8300000000,8.1820000000,10.2100000000,9.6720000000,7.7370000000,8.5570000000,63.8600000000,30309.7700000001,621887,7541,621887,621887,575264,194010,0,0,0,4096,0,0,0,0,0,0,0,0,1,437313,7541,38720.9780000000,22001.3570000000,0.3240000000,24556.8790000000,57900.2270000000,7549.4180000000,7543.5350000000,0.0070000000,31171.5520000000,9781208,9781208,67138388,67138388,9551528,9551528,9551528,9551528,0,0,229680,229680,0.5453350544,0.5453350544,23.4223262025,6.0902500000,2.3315651387,288.9460000000,305.1700000000,277.7260000000,13.2830000000,12.4420000000,4.3200000000,14.3740000000,11.2040000000,5.9340000000,11.4660000000,13.6430000000,11.8990000000,14.0660000000,11.4140000000,84.2420000000,30045.6370000000,621887,7541,621887,621887,575264,194010,0,0,0,4096,0,0,0,0,0,0,0,0,1,437313,7541,38724.8310000000,44534.7850000000,0.6170000000,88.8210000000,57897.8380000000,7552.4980000000,7541.0470000000,0.0110000000,31172.3240000000,9781217,9781208,67138379,67138388,9551537,9551528,9551519,9551528,0,0,229680,229680,0.5453350544,0.5453350544
0,lfw/Adrien_Brody/Adrien_Brody_0001.jpg,lfw/Rafael_Ramirez/Rafael_Ramirez_0003.jpg,False,False,0.8491333276033401,0.8491333127,157.21221137046814,139.06150245666504,18.1507089138031,17965,8748,9217,8737,"""/home/kamil/pffrocd/ABY/build/bin/cos_dist_float_scen_simd_32 -r 0 -a 192.168.0.102 -f /home/kamil/pffrocd/ABY/build/bin/embeddings.txt -o /home/kamil/pffrocd -s 112 -x 0""",29.51,6.67,26%,2:18.63,0,0,0,0,135752,0,0,67064,74319,42010,0,288,0,0,0,0,4096,0,"""/home/kamil/pffrocd/ABY/build/bin/cos_dist_float_scen_simd_32 -r 1 -a 192.168.0.102 -f /home/kamil/pffrocd/ABY/build/bin/embeddings.txt -o /home/kamil/pffrocd -s 112 -x 0""",57.56,9.69,48%,2:18.47,0,0,0,0,135732,0,0,65994,72075,34258,0,0,0,0,0,0,4096,0,30.0240048,7.474950000000001,47.3535537015,6.2257500000,2.6062750388,210.7330000000,223.9990000000,217.5390000000,9.8180000000,10.0170000000,3.2560000000,10.9720000000,8.5600000000,3.8500000000,8.0030000000,11.3090000000,10.8300000000,8.6810000000,9.4660000000,72.5360000000,31062.8030000000,621887,7541,621887,621887,575264,194010,0,0,0,4096,0,0,0,0,0,0,0,0,1,437313,7541,39565.8590000000,22061.9940000000,0.2990000000,24445.6210000000,50572.7670000000,7647.5550000000,7641.7620000000,0.0070000000,31918.2980000000,9781208,9781208,67138388,67138388,9551528,9551528,9551528,9551528,0,0,229680,229680,0.8491333127,0.8491333127,23.4322401171,6.1936875000,2.6911315756,286.8680000000,315.8070000000,299.4550000000,13.3540000000,12.4410000000,3.9450000000,14.2130000000,11.6180000000,4.8790000000,11.3770000000,14.4840000000,13.2450000000,13.3820000000,11.7320000000,89.8470000000,30756.0950000000,621887,7541,621887,621887,575264,194010,0,0,0,4096,0,0,0,0,0,0,0,0,1,437313,7541,39568.7170000000,44515.9080000000,0.6020000000,35.4640000000,50570.7690000000,7648.7290000000,7637.2950000000,0.0110000000,31919.9780000000,9781217,9781208,67138379,67138388,9551537,9551528,9551528,9551528,0,0,229680,229680,0.8491333127,0.8491333127
0,lfw/Adrien_Brody/Adrien_Brody_0001.jpg,lfw/Peter_Mackay/Peter_Mackay_0001.jpg,False,False,0.9256826862692833,0.9256827235,155.88747119903564,138.44679522514343,17.440675973892212,17965,8748,9217,8751,"""/home/kamil/pffrocd/ABY/build/bin/cos_dist_float_scen_simd_32 -r 0 -a 192.168.0.102 -f /home/kamil/pffrocd/ABY/build/bin/embeddings.txt -o /home/kamil/pffrocd -s 112 -x 0""",29.61,6.39,26%,2:17.98,0,0,0,0,135656,0,0,67017,73736,39003,0,288,0,0,0,0,4096,0,"""/home/kamil/pffrocd/ABY/build/bin/cos_dist_float_scen_simd_32 -r 1 -a 192.168.0.102 -f /home/kamil/pffrocd/ABY/build/bin/embeddings.txt -o /home/kamil/pffrocd -s 112 -x 0""",57.52,9.72,48%,2:17.86,0,0,0,0,135712,0,0,65985,72572,37146,0,0,0,0,0,0,4096,0,30.250743600000003,7.53006,47.4119971521,6.9605625000,2.5730651500,214.5780000000,233.1280000000,233.0050000000,10.3060000000,10.3940000000,3.1110000000,9.4070000000,8.1580000000,6.1910000000,7.9570000000,9.9460000000,11.5580000000,7.4540000000,8.2040000000,67.9350000000,29693.7820000000,621887,7541,621887,621887,575264,194010,0,0,0,4096,0,0,0,0,0,0,0,0,1,437313,7541,38231.4740000000,22036.4800000000,0.3210000000,24487.1190000000,51220.6750000000,7662.7400000000,7656.9350000000,0.0070000000,30568.7160000000,9781208,9781208,67138388,67138388,9551528,9551528,9551528,9551528,0,0,229680,229680,0.9256826639,0.9256827235,23.4255218361,6.9121875000,2.6533544007,292.4910000000,305.6760000000,306.9520000000,15.1160000000,13.2220000000,4.6780000000,14.5930000000,11.4280000000,5.7930000000,11.7140000000,14.6000000000,12.8810000000,13.3340000000,11.3670000000,84.0590000000,29404.2950000000,621887,7541,621887,621887,575264,194010,0,0,0,4096,0,0,0,0,0,0,0,0,1,437313,7541,38237.2950000000,44528.4510000000,0.6330000000,108.3500000000,51219.2080000000,7663.7200000000,7651.1220000000,0.0110000000,30573.5640000000,9781217,9781208,67138379,67138388,9551537,9551528,9551520,9551528,0,0,229680,229680,0.9256826639,0.9256827235
0,lfw/Adrien_Brody/Adrien_Brody_0001.jpg,lfw/Maria_Conchita_Alonso/Maria_Conchita_Alonso_0001.jpg,False,False,0.7125009298324585,0.7125006914,157.44640803337097,138.65607023239136,18.790337800979614,17965,8748,9217,8746,"""/home/kamil/pffrocd/ABY/build/bin/cos_dist_float_scen_simd_32 -r 0 -a 192.168.0.102 -f /home/kamil/pffrocd/ABY/build/bin/embeddings.txt -o /home/kamil/pffrocd -s 112 -x 0""",29.49,6.53,26%,2:18.22,0,0,0,0,135752,0,0,66927,74073,37264,0,0,0,0,0,0,4096,0,"""/home/kamil/pffrocd/ABY/build/bin/cos_dist_float_scen_simd_32 -r 1 -a 192.168.0.102 -f /home/kamil/pffrocd/ABY/build/bin/embeddings.txt -o /home/kamil/pffrocd -s 112 -x 0""",57.32,9.87,48%,2:18.06,0,0,0,0,135712,0,0,65987,72262,38333,0,0,0,0,0,0,4096,0,30.489987600000006,5.09183,47.4183772977,6.2213750000,2.5687429736,214.5740000000,223.7660000000,212.4870000000,12.3060000000,9.2610000000,3.5290000000,8.4170000000,8.7400000000,4.2660000000,7.8600000000,9.4610000000,10.3370000000,7.6080000000,7.8000000000,63.6140000000,29939.6589999999,621887,7541,621887,621887,575264,194010,0,0,0,4096,0,0,0,0,0,0,0,0,1,437313,7541,38375.4950000000,22030.3260000000,0.3100000000,24564.1290000000,51301.4500000000,7599.3510000000,7593.5170000000,0.0070000000,30776.1380000000,9781208,9781208,67138388,67138388,9551528,9551528,9551528,9551528,0,0,229680,229680,0.7125009298,0.7125006914,23.4382884172,6.1790000000,2.6480149869,291.6550000000,306.9180000000,294.9390000000,14.6400000000,12.3620000000,4.7020000000,13.7790000000,10.8240000000,5.9250000000,11.3450000000,13.1380000000,11.5660000000,13.9310000000,11.2730000000,85.5510000000,29629.8710000000,621887,7541,621887,621887,575264,194010,0,0,0,4096,0,0,0,0,0,0,0,0,1,437313,7541,38378.5470000000,44505.1000000000,0.5520000000,112.6210000000,51301.0370000000,7599.7150000000,7588.2540000000,0.0100000000,30778.8230000000,9781217,9781208,67138379,67138388,9551537,9551528,9551520,9551528,0,0,229680,229680,0.7125009298,0.7125006914
0,lfw/Adrien_Brody/Adrien_Brody_0001.jpg,lfw/Lee_Yuan-tseh/Lee_Yuan-tseh_0001.jpg,False,False,0.7112849056720734,0.7112849951,158.7985405921936,139.97667241096497,18.821868181228638,17965,8748,9217,8770,"""/home/kamil/pffrocd/ABY/build/bin/cos_dist_float_scen_simd_32 -r 0 -a 192.168.0.102 -f /home/kamil/pffrocd/ABY/build/bin/embeddings.txt -o /home/kamil/pffrocd -s 112 -x 0""",29.32,6.68,25%,2:19.49,0,0,0,0,135756,0,0,67016,73525,37971,0,88,0,0,0,0,4096,0,"""/home/kamil/pffrocd/ABY/build/bin/cos_dist_float_scen_simd_32 -r 1 -a 192.168.0.102 -f /home/kamil/pffrocd/ABY/build/bin/embeddings.txt -o /home/kamil/pffrocd -s 112 -x 0""",57.50,9.72,48%,2:19.35,0,0,0,0,135668,0,0,65985,72071,34477,0,0,0,0,0,0,4096,0,30.5026605,7.39808,47.4392444114,6.0998750000,2.5130958307,210.4010000000,225.6020000000,214.2570000000,8.7030000000,9.3720000000,2.8800000000,11.1320000000,7.4680000000,4.3930000000,8.6200000000,10.6330000000,10.6270000000,8.6500000000,8.6050000000,67.3270000000,30493.7440000000,621887,7541,621887,621887,575264,194010,0,0,0,4096,0,0,0,0,0,0,0,0,1,437313,7541,38649.6520000000,22021.8240000000,0.3080000000,24459.1240000000,52383.6380000000,7311.3550000000,7305.5320000000,0.0060000000,31338.2900000000,9781208,9781208,67138388,67138388,9551528,9551528,9551528,9551528,0,0,229680,229680,0.7112848759,0.7112849951,23.4220931547,6.2950000000,2.5891348090,287.2150000000,302.8030000000,281.3700000000,12.7810000000,11.8500000000,4.4730000000,12.6070000000,10.9370000000,5.7060000000,12.6280000000,13.5060000000,14.7220000000,14.5810000000,11.7560000000,89.1340000000,30214.3339999999,621887,7541,621887,621887,575264,194010,0,0,0,4096,0,0,0,0,0,0,0,0,1,437313,7541,38649.5860000000,44532.8560000000,0.5990000000,26.2670000000,52387.4270000000,7307.7960000000,7295.9580000000,0.0100000000,31341.7820000000,9781217,9781208,67138379,67138388,9551537,9551528,9551519,9551528,0,0,229680,229680,0.7112848759,0.7112849951
0,lfw/Adrian_McPherson/Adrian_McPherson_0001.jpg,lfw/Niall_Connolly/Niall_Connolly_0001.jpg,False,False,0.9200226739048958,0.9200227261,166.34792304039001,146.85559105873108,19.492331981658936,17961,8773,9188,8737,"""/home/kamil/pffrocd/ABY/build/bin/cos_dist_float_scen_simd_32 -r 0 -a 192.168.0.102 -f /home/kamil/pffrocd/ABY/build/bin/embeddings.txt -o /home/kamil/pffrocd -s 112 -x 0""",28.47,6.63,23%,2:26.38,0,0,0,0,135676,0,3,67013,72708,37114,0,576,0,0,0,0,4096,0,"""/home/kamil/pffrocd/ABY/build/bin/cos_dist_float_scen_simd_32 -r 1 -a 192.168.0.102 -f /home/kamil/pffrocd/ABY/build/bin/embeddings.txt -o /home/kamil/pffrocd -s 112 -x 0""",57.74,9.54,46%,2:26.27,0,0,0,0,135716,0,0,65986,72710,36041,0,0,0,0,0,0,4096,0,22.37994,6.7781,48.4459838871,8.9040625000,2.3253016747,216.1290000000,226.4960000000,220.2720000000,12.0100000000,10.6330000000,3.6680000000,8.7860000000,8.8050000000,3.7430000000,7.5210000000,9.6450000000,10.9310000000,8.1300000000,8.6230000000,64.5150000000,32364.4160000000,621887,7541,621887,621887,575264,194010,0,0,0,4096,0,0,0,0,0,0,0,0,1,437313,7541,41403.6260000000,21529.4290000000,0.3300000000,24976.6450000000,56528.0900000000,8181.7680000000,8176.7040000000,0.0060000000,33221.8530000000,9781208,9781208,67138388,67138388,9551528,9551528,9551528,9551528,0,0,229680,229680,0.9200226665,0.9200227261,23.4232059328,9.3608125000,2.3978507165,297.4730000000,303.4990000000,308.3360000000,14.2640000000,13.2290000000,5.3230000000,13.9220000000,11.1940000000,5.2330000000,11.6220000000,13.7740000000,14.2000000000,13.3680000000,11.0760000000,88.3760000000,32048.7970000001,621887,7541,621887,621887,575264,194010,0,0,0,4096,0,0,0,0,0,0,0,0,1,437313,7541,41400.6880000000,44532.8690000000,0.5590000000,48.6790000000,56535.7090000000,8182.2660000000,8169.4750000000,0.0230000000,33218.4130000000,9781208,9781208,67138379,67138388,9551537,9551528,9551528,9551528,0,0,229671,229680,0.9200226665,0.9200227261
0,lfw/Adrian_McPherson/Adrian_McPherson_0001.jpg,lfw/Crandall_Bowles/Crandall_Bowles_0001.jpg,False,False,0.9627564288675785,0.9627565145,163.51526260375977,146.9342668056488,16.580995798110962,17952,8750,9202,8730,"""/home/kamil/pffrocd/ABY/build/bin/cos_dist_float_scen_simd_32 -r 0 -a 192.168.0.102 -f /home/kamil/pffrocd/ABY/build/bin/embeddings.txt -o /home/kamil/pffrocd -s 112 -x 0""",28.97,6.56,24%,2:26.51,0,0,0,0,135660,0,2,67053,73920,38163,0,360,0,0,0,0,4096,0,"""/home/kamil/pffrocd/ABY/build/bin/cos_dist_float_scen_simd_32 -r 1 -a 192.168.0.102 -f /home/kamil/pffrocd/ABY/build/bin/embeddings.txt -o /home/kamil/pffrocd -s 112 -x 0""",57.70,9.63,46%,2:26.33,0,0,0,0,135768,0,0,65986,72427,38387,0,0,0,0,0,0,4096,0,29.0221605,6.90907401,48.0101593998,6.4244375000,2.3421690930,211.1220000000,224.6230000000,215.9870000000,9.1740000000,9.0370000000,4.2100000000,8.6670000000,7.7720000000,3.5620000000,8.8920000000,10.6210000000,12.8060000000,8.5960000000,9.2220000000,64.9840000000,32914.7190000001,621887,7541,621887,621887,575264,194010,0,0,0,4096,0,0,0,0,0,0,0,0,1,437313,7541,41833.1010000000,21720.3240000000,0.3060000000,24934.6650000000,56083.9790000000,8065.6080000000,8060.3130000000,0.0070000000,33767.4870000000,9781208,9781208,67138388,67138388,9551528,9551537,9551528,9551528,0,0,229680,229671,0.9627564549,0.9627565145,23.4251574341,6.3828125000,2.4126169917,291.6320000000,305.4960000000,304.0130000000,14.0300000000,12.2060000000,4.6860000000,13.6660000000,12.0740000000,4.5860000000,11.9510000000,13.8950000000,11.8350000000,15.1090000000,11.9750000000,93.7810000000,32605.2660000001,621887,7541,621887,621887,575264,194010,0,0,0,4096,0,0,0,0,0,0,0,0,1,437313,7541,41832.4100000000,44529.7460000000,0.6230000000,58.1210000000,56084.5370000000,8063.9800000000,8052.3570000000,0.0110000000,33768.3380000000,9781217,9781208,67138379,67138388,9551537,9551528,9551528,9551528,0,0,229680,229680,0.9627564549,0.9627565145
0,lfw/Adrian_Nastase/Adrian_Nastase_0001.jpg,lfw/Ed_Wade/Ed_Wade_0001.jpg,False,False,1.0064326329156756,1.0064326525,183.0125708580017,152.05621361732483,30.95635724067688,17963,8758,9205,8746,"""/home/kamil/pffrocd/ABY/build/bin/cos_dist_float_scen_simd_32 -r 0 -a 192.168.0.102 -f /home/kamil/pffrocd/ABY/build/bin/embeddings.txt -o /home/kamil/pffrocd -s 112 -x 0""",57.78,9.46,44%,2:31.37,0,0,0,0,135652,0,2,67377,73564,36429,0,584,0,0,0,0,4096,0,"""/home/kamil/pffrocd/ABY/build/bin/cos_dist_float_scen_simd_32 -r 1 -a 192.168.0.102 -f /home/kamil/pffrocd/ABY/build/bin/embeddings.txt -o /home/kamil/pffrocd -s 112 -x 0""",57.43,9.75,44%,2:31.48,0,0,0,0,135756,0,0,65987,73211,36021,0,0,0,0,0,0,4096,0,27.35008969,27.464367199999998,23.4538549984,6.6422500000,2.3714506540,293.9770000000,315.1360000000,289.0640000000,12.7260000000,13.7030000000,5.0940000000,13.4900000000,12.0870000000,5.3360000000,11.7970000000,14.1550000000,15.0640000000,12.2930000000,13.0530000000,90.2860000000,38009.0089999999,621887,7541,621887,621887,575264,194010,0,0,0,4096,0,0,0,0,0,0,0,0,1,437313,7541,47295.9230000000,44477.4930000000,0.5600000000,35.2400000000,55756.3470000000,8119.3990000000,8105.0440000000,3.1400000000,39176.5140000000,9781208,9781208,67138388,67138388,9551528,9551537,9551528,9551528,0,9,229680,229671,1.0064325333,1.0064326525,23.4246848002,6.6038125000,2.4611587331,299.1620000000,308.5050000000,296.6180000000,14.3400000000,12.3800000000,5.2570000000,13.1380000000,11.4000000000,6.7990000000,11.0490000000,14.2050000000,13.4850000000,13.5300000000,11.7020000000,96.9020000000,38009.5780000000,621887,7541,621887,621887,575264,194010,0,0,0,4096,0,0,0,0,0,0,0,0,1,437313,7541,47295.0190000000,44530.6420000000,0.5820000000,203.7010000000,55757.2000000000,8115.6640000000,8104.2550000000,0.0100000000,39179.3440000000,9781208,9781208,67138388,67138388,9551528,9551528,9551528,9551528,0,0,229680,229680,1.0064325333,1.0064326525
0,lfw/Adrien_Brody/Adrien_Brody_0001.jpg,lfw/Suh_Young-hoon/Suh_Young-hoon_0001.jpg,False,False,0.7511356770992279,0.7511357069,179.4928376674652,148.5622682571411,30.930569410324097,17945,8732,9213,8752,"""/home/kamil/pffrocd/ABY/build/bin/cos_dist_float_scen_simd_32 -r 0 -a 192.168.0.102 -f /home/kamil/pffrocd/ABY/build/bin/embeddings.txt -o /home/kamil/pffrocd -s 112 -x 0""",57.66,9.73,45%,2:27.84,0,0,0,0,135776,0,3,67060,73781,34494,0,312,0,0,0,0,4096,0,"""/home/kamil/pffrocd/ABY/build/bin/cos_dist_float_scen_simd_32 -r 1 -a 192.168.0.102 -f /home/kamil/pffrocd/ABY/build/bin/embeddings.txt -o /home/kamil/pffrocd -s 112 -x 0""",57.77,9.62,45%,2:27.96,0,0,0,0,135768,0,0,65987,74447,37839,0,0,0,0,0,0,4096,0,28.7973,28.274119999999996,23.4328857210,6.8433750000,2.4935357521,284.2580000000,314.5920000000,268.8230000000,14.9830000000,12.5490000000,4.8120000000,12.6820000000,11.8040000000,5.5290000000,11.5260000000,13.2590000000,14.0120000000,11.0290000000,11.0660000000,85.8140000000,36825.8030000001,621887,7541,621887,621887,575264,194010,0,0,0,4096,0,0,0,0,0,0,0,0,1,437313,7541,46330.0060000000,44520.8210000000,0.5500000000,22.4980000000,53126.9180000000,8379.2020000000,8367.8780000000,0.0100000000,37950.7950000000,9781208,9781208,67138388,67138388,9551528,9551529,9551528,9551528,0,0,229680,229679,0.7511357069,0.7511357069,23.4197656098,6.4135625000,2.5718498496,289.3290000000,305.4030000000,289.0150000000,13.4490000000,12.5980000000,3.7260000000,15.0570000000,11.5830000000,7.5600000000,12.1280000000,15.0190000000,12.7490000000,13.5460000000,11.9690000000,87.5900000000,36809.1859999998,621887,7541,621887,621887,575264,194010,0,0,0,4096,0,0,0,0,0,0,0,0,1,437313,7541,46329.7320000000,44539.1750000000,0.6020000000,200.4700000000,53129.1650000000,8379.5160000000,8368.1070000000,0.0100000000,37950.2060000000,9781217,9781208,67138379,67138388,9551537,9551528,9551520,9551528,0,0,229680,229680,0.7511357069,0.7511357069
0,lfw/Adrien_Brody/Adrien_Brody_0001.jpg,lfw/Dorothy_Wilson/Dorothy_Wilson_0001.jpg,False,False,1.0422608964145184,1.0422608852,182.36685252189636,150.9021818637848,31.464670658111572,17945,8732,9213,8753,"""/home/kamil/pffrocd/ABY/build/bin/cos_dist_float_scen_simd_32 -r 0 -a 192.168.0.102 -f /home/kamil/pffrocd/ABY/build/bin/embeddings.txt -o /home/kamil/pffrocd -s 112 -x 0""",57.70,9.54,44%,2:30.26,0,0,0,0,135768,0,0,67058,73135,37286,0,288,0,0,0,0,4096,0,"""/home/kamil/pffrocd/ABY/build/bin/cos_dist_float_scen_simd_32 -r 1 -a 192.168.0.102 -f /home/kamil/pffrocd/ABY/build/bin/embeddings.txt -o /home/kamil/pffrocd -s 112 -x 0""",57.70,9.45,44%,2:30.31,0,0,0,0,135720,0,0,65985,72309,34501,0,0,0,0,0,0,4096,0,27.941200000000002,28.058600000000002,23.4188111555,6.4205000000,2.2592196902,292.2210000000,303.2500000000,293.6550000000,13.2440000000,12.9890000000,3.9800000000,14.3010000000,11.8480000000,5.5580000000,12.4460000000,14.4090000000,14.5800000000,11.9490000000,11.7220000000,92.0270000000,34119.7560000001,621887,7541,621887,621887,575264,194010,0,0,0,4096,0,0,0,0,0,0,0,0,1,437313,7541,43515.6780000000,44549.2870000000,0.5520000000,17.1820000000,58419.6050000000,8232.7140000000,8221.5490000000,0.0090000000,35282.9540000000,9781208,9781208,67138388,67138388,9551528,9551528,9551528,9551528,0,0,229680,229680,1.0422608852,1.0422608852,23.4314471026,6.3110000000,2.3238101656,290.0080000000,306.0860000000,285.9150000000,13.1150000000,15.2810000000,3.9670000000,14.2780000000,11.1720000000,6.7890000000,12.7580000000,13.4860000000,13.3000000000,14.1760000000,11.7020000000,81.9700000000,34145.1860000000,621887,7541,621887,621887,575264,194010,0,0,0,4096,0,0,0,0,0,0,0,0,1,437313,7541,43513.3080000000,44518.3130000000,0.6120000000,101.7130000000,58420.9740000000,8233.3290000000,8221.5720000000,0.0100000000,35279.9690000000,9781217,9781208,67138379,67138388,9551537,9551528,9551519,9551528,0,0,229680,229680,1.0422608852,1.0422608852
0,lfw/Adrien_Brody/Adrien_Brody_0001.jpg,lfw/Billy_Edelin/Billy_Edelin_0001.jpg,False,False,0.9388015158474445,0.9388014674,188.57062005996704,156.20579528808594,32.3648247718811,17945,8732,9213,8725,"""/home/kamil/pffrocd/ABY/build/bin/cos_dist_float_scen_simd_32 -r 0 -a 192.168.0.102 -f /home/kamil/pffrocd/ABY/build/bin/embeddings.txt -o /home/kamil/pffrocd -s 112 -x 0""",57.02,10.29,43%,2:35.53,0,0,0,0,135720,0,0,67057,74165,37008,0,288,0,0,0,0,4096,0,"""/home/kamil/pffrocd/ABY/build/bin/cos_dist_float_scen_simd_32 -r 1 -a 192.168.0.102 -f /home/kamil/pffrocd/ABY/build/bin/embeddings.txt -o /home/kamil/pffrocd -s 112 -x 0""",57.34,9.94,43%,2:35.61,0,0,0,0,135632,0,0,65987,73986,35720,0,0,0,0,0,0,4096,0,26.59965628,26.567416020000003,23.4299089469,6.2073125000,2.4397372045,291.2670000000,311.2540000000,291.3240000000,13.4320000000,13.3230000000,6.1290000000,15.7200000000,11.3640000000,6.4590000000,11.7360000000,13.5410000000,12.7060000000,11.4490000000,11.8460000000,81.6730000000,38173.1390000000,621887,7541,621887,621887,575264,194010,0,0,0,4096,0,0,0,0,0,0,0,0,1,437313,7541,52988.9010000000,44527.4730000000,0.6130000000,33.1800000000,54266.9430000000,13665.4470000000,13654.1630000000,0.0100000000,39323.4450000000,9781208,9781208,67138388,67138388,9551528,9551528,9551528,9551528,0,0,229680,229680,0.9388015270,0.9388014674,23.4595608146,6.1273750000,2.5347347776,294.4070000000,306.5370000000,304.7970000000,13.7000000000,12.0030000000,3.9440000000,14.7600000000,12.5200000000,6.4170000000,12.7830000000,15.6800000000,12.9440000000,13.8070000000,12.0600000000,94.0550000000,38150.6099999999,621887,7541,621887,621887,575264,194010,0,0,0,4096,0,0,0,0,0,0,0,0,1,437313,7541,52991.4250000000,44465.1600000000,0.5700000000,129.9450000000,54265.8710000000,13668.6330000000,13657.2630000000,0.0110000000,39322.7820000000,9781217,9781208,67138379,67138388,9551537,9551528,9551528,9551528,0,0,229680,229680,0.9388015270,0.9388014674
0,lfw/Adrian_McPherson/Adrian_McPherson_0001.jpg,lfw/Arnoldo_Aleman/Arnoldo_Aleman_0004.jpg,False,False,0.9765308368951082,0.9765306711,174.31175303459167,143.39337253570557,30.91838049888611,17931,8745,9186,8737,"""/home/kamil/pffrocd/ABY/build/bin/cos_dist_float_scen_simd_32 -r 0 -a 192.168.0.102 -f /home/kamil/pffrocd/ABY/build/bin/embeddings.txt -o /home/kamil/pffrocd -s 112 -x 0""",57.50,9.78,47%,2:22.64,0,0,0,0,135628,0,23,67049,73290,38948,0,3456,0,0,0,0,4096,0,"""/home/kamil/pffrocd/ABY/build/bin/cos_dist_float_scen_simd_32 -r 1 -a 192.168.0.102 -f /home/kamil/pffrocd/ABY/build/bin/embeddings.txt -o /home/kamil/pffrocd -s 112 -x 0""",57.81,9.31,47%,2:22.79,0,0,0,0,135720,0,0,65986,71677,30909,0,0,0,0,0,0,4096,0,29.41041052,29.094097499999997,23.4366941133,6.2798750000,2.5771646900,286.6180000000,302.2200000000,276.2880000000,13.7710000000,10.7260000000,4.8520000000,13.6290000000,11.7190000000,4.1270000000,10.9890000000,12.0500000000,14.9610000000,12.7740000000,11.8260000000,85.2670000000,33994.2700000000,621887,7541,621887,621887,575264,194010,0,0,0,4096,0,0,0,0,0,0,0,0,1,437313,7541,42791.8460000000,44517.1600000000,0.6710000000,31.2690000000,51448.1640000000,7672.5330000000,7661.1290000000,0.0110000000,35119.3020000000,9781208,9781208,67138388,67138388,9551528,9551528,9551528,9551528,0,0,229680,229680,0.9765308499,0.9765306711,23.4137316826,6.1882500000,2.6539758518,289.3190000000,299.7270000000,275.3450000000,14.7420000000,12.7020000000,5.6020000000,14.0310000000,10.9380000000,4.2640000000,11.2100000000,13.7600000000,12.3600000000,14.2370000000,11.4500000000,80.1560000000,34002.3500000000,621887,7541,621887,621887,575264,194010,0,0,0,4096,0,0,0,0,0,0,0,0,1,437313,7541,42786.3790000000,44549.9270000000,0.5630000000,200.8170000000,51445.5510000000,7672.1650000000,7660.6390000000,0.0100000000,35114.2030000000,9781217,9781208,67138379,67138388,9551537,9551528,9551528,9551528,0,0,229680,229680,0.9765308499,0.9765306711
0,lfw/Adrian_Nastase/Adrian_Nastase_0001.jpg,lfw/Julian_Fantino/Julian_Fantino_0001.jpg,False,False,0.8841517791152,0.8841518164,178.31981110572815,146.17254948616028,32.14726161956787,17952,8750,9202,8740,"""/home/kamil/pffrocd/ABY/build/bin/cos_dist_float_scen_simd_32 -r 0 -a 192.168.0.102 -f /home/kamil/pffrocd/ABY/build/bin/embeddings.txt -o /home/kamil/pffrocd -s 112 -x 0""",57.44,9.76,46%,2:25.48,0,0,0,0,135684,0,4,67055,73302,35254,0,512,0,0,0,0,4096,0,"""/home/kamil/pffrocd/ABY/build/bin/cos_dist_float_scen_simd_32 -r 1 -a 192.168.0.102 -f /home/kamil/pffrocd/ABY/build/bin/embeddings.txt -o /home/kamil/pffrocd -s 112 -x 0""",57.75,9.57,46%,2:25.54,0,0,0,0,135712,0,0,65543,73299,35182,0,0,0,0,0,0,4096,0,28.806123749999998,28.488798720000002,23.4548375614,6.0507500000,2.4622630298,282.1070000000,317.0030000000,292.1830000000,13.7160000000,11.2990000000,6.3790000000,14.5330000000,13.2570000000,4.4490000000,10.8870000000,12.7300000000,15.7230000000,11.5590000000,11.8640000000,84.7720000000,34465.4220000000,621887,7541,621887,621887,575264,194010,0,0,0,4096,0,0,0,0,0,0,0,0,1,437313,7541,43397.0160000000,44484.0650000000,0.6080000000,16.0880000000,53769.1470000000,7783.9290000000,7772.6700000000,0.0100000000,35613.0780000000,9781208,9781208,67138388,67138388,9551528,9551528,9551528,9551528,0,0,229680,229680,0.8841518164,0.8841518164,23.4303265718,6.0135625000,2.5362161763,293.7870000000,304.7310000000,292.4270000000,13.8710000000,14.1050000000,5.2040000000,12.9980000000,11.1490000000,6.1660000000,11.7870000000,13.8270000000,12.0960000000,16.3110000000,12.0300000000,94.7100000000,34452.4010000001,621887,7541,621887,621887,575264,194010,0,0,0,4096,0,0,0,0,0,0,0,0,1,437313,7541,43401.6320000000,44517.7570000000,0.6310000000,110.6460000000,53766.1790000000,7783.0850000000,7771.4400000000,0.0100000000,35618.5370000000,9781217,9781208,67138379,67138388,9551537,9551528,9551520,9551528,0,0,229680,229680,0.8841518164,0.8841518164
0,lfw/Adrien_Brody/Adrien_Brody_0001.jpg,lfw/Russell_Coutts/Russell_Coutts_0001.jpg,False,False,1.0744784697890282,1.0744783878,173.37192940711975,142.72094249725342,30.650986909866333,17936,8742,9194,8760,"""/home/kamil/pffrocd/ABY/build/bin/cos_dist_float_scen_simd_32 -r 0 -a 192.168.0.102 -f /home/kamil/pffrocd/ABY/build/bin/embeddings.txt -o /home/kamil/pffrocd -s 112 -x 0""",57.35,9.78,47%,2:22.05,0,0,0,0,135732,0,3,67025,73361,37004,0,384,0,0,0,0,4096,0,"""/home/kamil/pffrocd/ABY/build/bin/cos_dist_float_scen_simd_32 -r 1 -a 192.168.0.102 -f /home/kamil/pffrocd/ABY/build/bin/embeddings.txt -o /home/kamil/pffrocd -s 112 -x 0""",57.42,9.82,47%,2:22.14,0,0,0,0,135720,0,0,65988,72325,36029,0,0,0,0,0,0,4096,0,29.385260000000002,29.291700000000002,23.4468982936,6.8169375000,2.5893527998,295.1640000000,304.5600000000,274.6780000000,14.1990000000,11.2480000000,5.9520000000,16.7290000000,13.8010000000,5.2240000000,11.3210000000,14.4010000000,14.7590000000,11.2190000000,11.5900000000,89.1080000000,33791.5630000001,621887,7541,621887,621887,575264,194010,0,0,0,4096,0,0,0,0,0,0,0,0,1,437313,7541,42554.4530000000,44491.6870000000,0.5920000000,77.0170000000,51212.3690000000,7629.3020000000,7617.9360000000,0.0120000000,34925.1410000000,9781199,9781208,67138388,67138388,9551528,9551528,9551528,9551528,0,0,229671,229680,1.0744785070,1.0744783878,23.4331656367,6.6259375000,2.6701247007,296.3340000000,308.4380000000,289.8120000000,13.2410000000,12.1940000000,3.9600000000,14.6390000000,11.6920000000,6.4370000000,12.9510000000,16.5810000000,13.8910000000,13.6660000000,11.1620000000,86.0180000000,33775.8350000000,621887,7541,621887,621887,575264,194010,0,0,0,4096,0,0,0,0,0,0,0,0,1,437313,7541,42562.3570000000,44513.7090000000,0.6020000000,99.3540000000,51209.5410000000,7623.2330000000,7610.5680000000,0.0120000000,34939.1130000000,9781217,9781208,67138379,67138388,9551537,9551528,9551520,9551528,0,0,229680,229680,1.0744785070,1.0744783878
0,lfw/Adrien_Brody/Adrien_Brody_0001.jpg,lfw/Mary_Katherine_Smart/Mary_Katherine_Smart_0001.jpg,True,False,0.8951550871133804,-2.5138202272102913e+36,173.52468419075012,143.4294147491455,30.095269441604614,17936,8742,9194,8757,"""/home/kamil/pffrocd/ABY/build/bin/cos_dist_float_scen_simd_32 -r 0 -a 192.168.0.102 -f /home/kamil/pffrocd/ABY/build/bin/embeddings.txt -o /home/kamil/pffrocd -s 112 -x 0""",57.34,9.89,47%,2:22.73,0,0,0,0,135676,0,0,67058,72019,34656,0,0,0,0,0,0,4096,0,"""/home/kamil/pffrocd/ABY/build/bin/cos_dist_float_scen_simd_32 -r 1 -a 192.168.0.102 -f /home/kamil/pffrocd/ABY/build/bin/embeddings.txt -o /home/kamil/pffrocd -s 112 -x 0""",57.45,9.97,47%,2:22.83,0,0,0,0,135740,0,0,65989,73306,38130,0,0,0,0,0,0,4096,0,30.17615685,28.95431702,23.4232991602,5.9821250000,2.4944256408,292.2400000000,302.9380000000,280.7330000000,16.3850000000,12.4860000000,5.2400000000,12.9060000000,14.1400000000,4.7510000000,12.3220000000,14.2220000000,13.1320000000,11.2100000000,12.4050000000,87.1530000000,32251.2520000000,621887,7541,621887,621887,575264,194010,0,0,0,4096,0,0,0,0,0,0,0,0,1,437313,7541,41259.1390000000,44539.6550000000,0.5560000000,21.7580000000,53097.7270000000,7873.8870000000,7862.5100000000,0.0100000000,33385.2420000000,9781208,9781208,67138388,67138388,9551528,9551528,9551528,9551528,0,0,229680,229680,0.8951551318,-2513820227210291341670344026585300992.0000000000,23.4345674608,6.0095000000,2.5726669890,292.5280000000,318.3700000000,291.2730000000,15.7180000000,12.8540000000,5.8020000000,15.5450000000,10.8380000000,5.9220000000,11.4970000000,13.5150000000,13.9620000000,13.5400000000,11.7300000000,81.9570000000,32225.7009999999,621887,7541,621887,621887,575264,194010,0,0,0,4096,0,0,0,0,0,0,0,0,1,437313,7541,41262.4120000000,44510.1450000000,0.6060000000,153.4210000000,53096.6230000000,7873.1270000000,7861.4980000000,0.0100000000,33389.2770000000,9781208,9781208,67138388,67138388,9551528,9551528,9551528,9551528,0,0,229680,229680,0.8951551318,-2513820227210291341670344026585300992.0000000000
0,lfw/Adrien_Brody/Adrien_Brody_0001.jpg,lfw/George_HW_Bush/George_HW_Bush_0006.jpg,False,False,0.9929511900991201,0.9929512143,171.49766397476196,140.06691598892212,31.430747985839844,17936,8742,9194,8750,"""/home/kamil/pffrocd/ABY/build/bin/cos_dist_float_scen_simd_32 -r 0 -a 192.168.0.102 -f /home/kamil/pffrocd/ABY/build/bin/embeddings.txt -o /home/kamil/pffrocd -s 112 -x 0""",57.85,9.46,48%,2:19.38,0,0,0,0,135684,0,0,67057,72727,35296,0,288,0,0,0,0,4096,0,"""/home/kamil/pffrocd/ABY/build/bin/cos_dist_float_scen_simd_32 -r 1 -a 192.168.0.102 -f /home/kamil/pffrocd/ABY/build/bin/embeddings.txt -o /home/kamil/pffrocd -s 112 -x 0""",57.70,9.63,48%,2:19.45,0,0,0,0,135632,0,0,65986,73306,36639,0,0,0,0,0,0,4096,0,30.7637895,29.5622382,23.4353467416,5.6668125000,2.6805493995,292.3180000000,307.4750000000,289.2630000000,15.3420000000,11.7270000000,6.2350000000,13.7030000000,15.0270000000,6.2870000000,11.3380000000,14.3470000000,15.3020000000,11.0090000000,11.4720000000,85.7180000000,32585.8490000000,621887,7541,621887,621887,575264,194010,0,0,0,4096,0,0,0,0,0,0,0,0,1,437313,7541,41537.4340000000,44517.1540000000,0.6140000000,25.7860000000,49510.3090000000,7796.9760000000,7785.5840000000,0.0100000000,33740.4480000000,9781208,9781208,67138388,67138388,9551528,9551528,9551528,9551528,0,0,229680,229680,0.9929511547,0.9929512143,23.4300858594,5.6365000000,2.7676069424,294.2400000000,301.3340000000,286.5130000000,13.2070000000,12.1910000000,4.4650000000,12.7710000000,11.0290000000,5.3600000000,11.9850000000,15.6680000000,13.7700000000,14.3310000000,11.5920000000,87.3370000000,32597.4809999999,621887,7541,621887,621887,575264,194010,0,0,0,4096,0,0,0,0,0,0,0,0,1,437313,7541,41538.2030000000,44526.0690000000,0.5570000000,122.6240000000,49507.6910000000,7796.7150000000,7785.3460000000,0.0100000000,33741.4790000000,9781217,9781208,67138379,67138388,9551537,9551528,9551528,9551528,0,0,229680,229680,0.9929511547,0.9929512143
0,lfw/Adrien_Brody/Adrien_Brody_0001.jpg,lfw/Don_Boudria/Don_Boudria_0001.jpg,False,False,0.9481198713183403,0.9481198192,174.18711185455322,142.37179112434387,31.81532073020935,17936,8742,9194,8763,"""/home/kamil/pffrocd/ABY/build/bin/cos_dist_float_scen_simd_32 -r 0 -a 192.168.0.102 -f /home/kamil/pffrocd/ABY/build/bin/embeddings.txt -o /home/kamil/pffrocd -s 112 -x 0""",57.29,10.10,47%,2:21.67,0,0,0,0,135644,0,0,67056,74260,35466,0,288,0,0,0,0,4096,0,"""/home/kamil/pffrocd/ABY/build/bin/cos_dist_float_scen_simd_32 -r 1 -a 192.168.0.102 -f /home/kamil/pffrocd/ABY/build/bin/embeddings.txt -o /home/kamil/pffrocd -s 112 -x 0""",57.25,10.21,47%,2:21.76,0,0,0,0,135716,0,0,65985,74537,39893,0,0,0,0,0,0,4096,0,29.18325,29.26158,23.4532388568,5.9888750000,2.6117552738,290.2850000000,315.5670000000,293.1140000000,15.6770000000,12.5360000000,5.6390000000,13.3210000000,13.6310000000,5.8680000000,11.8130000000,14.6940000000,17.3380000000,10.6840000000,11.4130000000,86.8490000000,33479.8860000000,621887,7541,621887,621887,575264,194010,0,0,0,4096,0,0,0,0,0,0,0,0,1,437313,7541,42551.2130000000,44483.1550000000,0.5970000000,17.9430000000,50772.3080000000,7894.6690000000,7883.4900000000,0.0100000000,34656.5340000000,9781208,9781208,67138388,67138388,9551528,9551528,9551528,9551528,0,0,229680,229680,0.9481198788,0.9481198192,23.4163434323,5.9485000000,2.6938294469,293.5010000000,303.8230000000,287.6930000000,13.6480000000,11.7570000000,3.7290000000,13.7470000000,11.8330000000,4.9730000000,10.8630000000,14.1740000000,13.8340000000,14.1000000000,11.1220000000,87.4000000000,33510.9830000000,621887,7541,621887,621887,575264,194010,0,0,0,4096,0,0,0,0,0,0,0,0,1,437313,7541,42545.7690000000,44546.8110000000,0.6330000000,133.6940000000,50772.0900000000,7895.8960000000,7884.2630000000,0.0100000000,34649.8630000000,9781217,9781208,67138379,67138388,9551537,9551528,9551528,9551528,0,0,229680,229680,0.9481198788,0.9481198192
0,lfw/Adrien_Brody/Adrien_Brody_0001.jpg,lfw/Roger_Lyons/Roger_Lyons_0001.jpg,False,False,1.0539547689259052,1.0539544821,175.58036303520203,144.6656744480133,30.91468858718872,17936,8742,9194,8756,"""/home/kamil/pffrocd/ABY/build/bin/cos_dist_float_scen_simd_32 -r 0 -a 192.168.0.102 -f /home/kamil/pffrocd/ABY/build/bin/embeddings.txt -o /home/kamil/pffrocd -s 112 -x 0""",57.65,9.80,46%,2:23.99,0,0,0,0,135720,0,0,67059,74008,37300,0,288,0,0,0,0,4096,0,"""/home/kamil/pffrocd/ABY/build/bin/cos_dist_float_scen_simd_32 -r 1 -a 192.168.0.102 -f /home/kamil/pffrocd/ABY/build/bin/embeddings.txt -o /home/kamil/pffrocd -s 112 -x 0""",57.62,9.82,46%,2:24.07,0,0,0,0,135732,0,0,65987,73396,38365,0,0,0,0,0,0,4096,0,29.104361039999997,29.166762300000002,23.4274667555,6.4548125000,2.5314020924,286.4290000000,315.7960000000,280.8160000000,14.4040000000,11.9890000000,3.9580000000,14.2010000000,16.6600000000,5.4620000000,11.5070000000,14.2040000000,13.4530000000,10.9040000000,11.1890000000,94.3250000000,33869.5720000000,621887,7541,621887,621887,575264,194010,0,0,0,4096,0,0,0,0,0,0,0,0,1,437313,7541,43227.4130000000,44531.1310000000,0.5870000000,82.5990000000,52348.3570000000,8210.5050000000,8199.2970000000,0.0100000000,35016.8980000000,9781208,9781208,67138388,67138388,9551528,9551528,9551528,9551528,0,0,229680,229680,1.0539547205,1.0539544821,23.4179071201,5.8240000000,2.6256677401,293.4360000000,318.8550000000,290.0330000000,13.0070000000,11.7890000000,4.9710000000,13.8970000000,11.1190000000,5.1170000000,13.3320000000,15.9900000000,14.3420000000,14.5730000000,12.3960000000,93.8010000000,33847.6010000001,621887,7541,621887,621887,575264,194010,0,0,0,4096,0,0,0,0,0,0,0,0,1,437313,7541,43236.9690000000,44543.5590000000,0.6050000000,113.4380000000,52345.2750000000,8211.8170000000,8200.4720000000,0.0100000000,35025.1410000000,9781217,9781208,67138379,67138388,9551537,9551528,9551520,9551528,0,0,229680,229680,1.0539547205,1.0539544821
0,lfw/Adrien_Brody/Adrien_Brody_0001.jpg,lfw/Paul_ONeill/Paul_ONeill_0008.jpg,False,False,1.1250132024288177,1.125013113,172.0217387676239,140.13067436218262,31.891064405441284,17936,8742,9194,8740,"""/home/kamil/pffrocd/ABY/build/bin/cos_dist_float_scen_simd_32 -r 0 -a 192.168.0.102 -f /home/kamil/pffrocd/ABY/build/bin/embeddings.txt -o /home/kamil/pffrocd -s 112 -x 0""",57.77,9.42,48%,2:19.48,0,0,0,0,135652,0,0,67056,72749,36895,0,288,0,0,0,0,4096,0,"""/home/kamil/pffrocd/ABY/build/bin/cos_dist_float_scen_simd_32 -r 1 -a 192.168.0.102 -f /home/kamil/pffrocd/ABY/build/bin/embeddings.txt -o /home/kamil/pffrocd -s 112 -x 0""",57.62,9.78,48%,2:19.56,0,0,0,0,135728,0,0,65988,74101,37937,0,0,0,0,0,0,4096,0,29.83758,29.91393,23.4415350946,6.0403125000,2.6470952028,295.4680000000,306.4760000000,307.9570000000,16.5710000000,11.4830000000,5.5510000000,13.3050000000,13.4800000000,6.5530000000,11.5520000000,14.7390000000,15.2800000000,11.4790000000,11.0770000000,96.9580000000,32006.3319999999,621887,7541,621887,621887,575264,194010,0,0,0,4096,0,0,0,0,0,0,0,0,1,437313,7541,41067.4730000000,44504.1310000000,0.5540000000,18.5010000000,50138.6830000000,7879.6790000000,7868.3600000000,0.0100000000,33187.7850000000,9781208,9781208,67138388,67138388,9551528,9551529,9551528,9551528,0,0,229680,229679,1.1250132322,1.1250131130,23.4452083420,5.9851875000,2.7319965006,294.3700000000,319.8280000000,316.0160000000,13.1270000000,12.5270000000,5.0150000000,14.5870000000,12.2380000000,6.2370000000,14.2940000000,14.6170000000,13.1450000000,15.1300000000,11.3380000000,94.8480000000,31986.2120000000,621887,7541,621887,621887,575264,194010,0,0,0,4096,0,0,0,0,0,0,0,0,1,437313,7541,41081.2400000000,44493.2650000000,0.5550000000,69.6550000000,50137.6080000000,7878.3330000000,7866.7380000000,0.0120000000,33202.8980000000,9781217,9781208,67138379,67138388,9551537,9551528,9551520,9551528,0,0,229680,229680,1.1250132322,1.1250131130
0,lfw/Adrien_Brody/Adrien_Brody_0001.jpg,lfw/Sara_Elisabeth_Ahmad/Sara_Elisabeth_Ahmad_0001.jpg,False,False,1.0083886375650764,1.0083886385,173.83525800704956,144.03353214263916,29.8017258644104,17936,8742,9194,8748,"""/home/kamil/pffrocd/ABY/build/bin/cos_dist_float_scen_simd_32 -r 0 -a 192.168.0.102 -f /home/kamil/pffrocd/ABY/build/bin/embeddings.txt -o /home/kamil/pffrocd -s 112 -x 0""",57.07,10.13,46%,2:23.33,0,0,0,0,135668,0,0,67058,72451,35065,0,288,0,0,0,0,4096,0,"""/home/kamil/pffrocd/ABY/build/bin/cos_dist_float_scen_simd_32 -r 1 -a 192.168.0.102 -f /home/kamil/pffrocd/ABY/build/bin/embeddings.txt -o /home/kamil/pffrocd -s 112 -x 0""",57.36,9.98,46%,2:23.42,0,0,0,0,135716,0,0,65989,73040,36416,0,0,0,0,0,0,4096,0,29.441044279999996,28.89865164,23.4261225883,7.1843750000,2.5282521811,293.5720000000,312.7080000000,300.9350000000,14.8760000000,12.5780000000,6.8610000000,13.1970000000,13.2310000000,5.0730000000,13.3170000000,15.1790000000,16.2310000000,12.8130000000,11.7760000000,99.4330000000,33717.0300000000,621887,7541,621887,621887,575264,194010,0,0,0,4096,0,0,0,0,0,0,0,0,1,437313,7541,42540.6760000000,44535.4990000000,0.6010000000,36.8540000000,52433.9710000000,7632.4490000000,7621.0990000000,0.0100000000,34908.2190000000,9781208,9781208,67138388,67138388,9551528,9551528,9551528,9551528,0,0,229680,229680,1.0083886385,1.0083886385,23.4288925561,7.4983125000,2.6080306929,295.3250000000,306.7400000000,307.1090000000,14.0270000000,15.0000000000,3.6860000000,12.8590000000,11.6010000000,6.4120000000,11.4620000000,14.1800000000,12.5560000000,13.6110000000,11.4830000000,91.9660000000,33735.6490000000,621887,7541,621887,621887,575264,194010,0,0,0,4096,0,0,0,0,0,0,0,0,1,437313,7541,42543.9480000000,44525.8860000000,0.5690000000,100.3990000000,52436.7990000000,7633.5050000000,7621.8350000000,0.0100000000,34910.4320000000,9781217,9781208,67138379,67138388,9551537,9551528,9551520,9551528,0,0,229680,229680,1.0083886385,1.0083886385
0,lfw/Adrien_Brody/Adrien_Brody_0001.jpg,lfw/Bill_Self/Bill_Self_0001.jpg,False,False,0.9845501249656081,0.9845500588,171.75196313858032,141.40779161453247,30.34417152404785,17936,8742,9194,8747,"""/home/kamil/pffrocd/ABY/build/bin/cos_dist_float_scen_simd_32 -r 0 -a 192.168.0.102 -f /home/kamil/pffrocd/ABY/build/bin/embeddings.txt -o /home/kamil/pffrocd -s 112 -x 0""",57.48,9.99,47%,2:20.74,0,0,0,0,135756,0,0,67383,73724,37499,0,288,0,0,0,0,4096,0,"""/home/kamil/pffrocd/ABY/build/bin/cos_dist_float_scen_simd_32 -r 1 -a 192.168.0.102 -f /home/kamil/pffrocd/ABY/build/bin/embeddings.txt -o /home/kamil/pffrocd -s 112 -x 0""",57.27,10.10,47%,2:20.74,0,0,0,0,135636,0,0,65989,74038,36180,0,0,0,0,0,0,4096,0,29.426350000000003,29.41544,23.4222426262,5.5216250000,2.6407902779,288.2990000000,318.9370000000,282.5090000000,15.3500000000,12.4360000000,5.5730000000,14.3870000000,14.1670000000,5.4030000000,11.3500000000,14.6610000000,15.3620000000,12.2740000000,12.0140000000,87.7400000000,33182.3060000000,621887,7541,621887,621887,575264,194010,0,0,0,4096,0,0,0,0,0,0,0,0,1,437313,7541,42080.9120000000,44542.8080000000,0.5520000000,96.5520000000,50233.8270000000,7743.0660000000,7731.5570000000,0.0080000000,34337.8390000000,9781208,9781208,67138388,67138388,9551528,9551528,9551528,9551528,0,0,229680,229680,0.9845501184,0.9845500588,23.4157806629,5.4752500000,2.7250821522,297.2070000000,305.1560000000,320.2100000000,13.2170000000,12.1290000000,4.0720000000,13.5320000000,11.1050000000,6.3220000000,12.1140000000,13.1970000000,12.6750000000,13.4570000000,11.8060000000,90.9460000000,33164.2390000001,621887,7541,621887,621887,575264,194010,0,0,0,4096,0,0,0,0,0,0,0,0,1,437313,7541,42101.8480000000,44552.1990000000,0.6000000000,130.9180000000,50246.6880000000,7745.7600000000,7734.2460000000,0.0120000000,34356.0780000000,9781217,9781208,67138379,67138388,9551537,9551528,9551528,9551528,0,0,229680,229680,0.9845501184,0.9845500588
0,lfw/Adrien_Brody/Adrien_Brody_0001.jpg,lfw/Paul_Shanley/Paul_Shanley_0001.jpg,False,False,0.9468400254845619,0.9468399286,172.7061071395874,141.90058827400208,30.805518865585327,17936,8742,9194,8738,"""/home/kamil/pffrocd/ABY/build/bin/cos_dist_float_scen_simd_32 -r 0 -a 192.168.0.102 -f /home/kamil/pffrocd/ABY/build/bin/embeddings.txt -o /home/kamil/pffrocd -s 112 -x 0""",57.72,9.73,47%,2:21.24,0,0,0,0,135756,0,0,67064,73953,36917,0,320,0,0,0,0,4096,0,"""/home/kamil/pffrocd/ABY/build/bin/cos_dist_float_scen_simd_32 -r 1 -a 192.168.0.102 -f /home/kamil/pffrocd/ABY/build/bin/embeddings.txt -o /home/kamil/pffrocd -s 112 -x 0""",57.77,9.63,47%,2:21.31,0,0,0,0,135732,0,0,65988,73950,37933,0,0,0,0,0,0,4096,0,30.619170000000004,29.71232,23.4396661734,6.2049375000,2.5437404618,286.5700000000,318.7240000000,279.2420000000,14.1370000000,11.6510000000,5.2180000000,16.5070000000,13.8010000000,6.1140000000,12.0850000000,15.0130000000,14.6120000000,10.9160000000,11.3900000000,87.2980000000,31701.0359999999,621887,7541,621887,621887,575264,194010,0,0,0,4096,0,0,0,0,0,0,0,0,1,437313,7541,40763.0370000000,44507.9300000000,0.5540000000,22.8080000000,52098.0730000000,7906.2410000000,7894.8990000000,0.0120000000,32856.7860000000,9781208,9781208,67138388,67138388,9551528,9551528,9551528,9551528,0,0,229680,229680,0.9468400478,0.9468399286,23.4303582026,6.1696875000,2.6221512247,294.0080000000,316.1800000000,287.3820000000,14.9990000000,13.0590000000,3.9950000000,15.5290000000,11.8130000000,5.1930000000,11.5070000000,14.4000000000,11.3660000000,13.1870000000,12.2250000000,84.2630000000,31704.8609999999,621887,7541,621887,621887,575264,194010,0,0,0,4096,0,0,0,0,0,0,0,0,1,437313,7541,40762.7530000000,44521.3820000000,0.6110000000,152.7070000000,52102.2350000000,7907.1500000000,7895.7200000000,0.0090000000,32855.5920000000,9781217,9781208,67138379,67138388,9551537,9551528,9551528,9551528,0,0,229680,229680,0.9468400478,0.9468399286
0,lfw/Adrien_Brody/Adrien_Brody_0001.jpg,lfw/Tom_Welch/Tom_Welch_0001.jpg,False,False,0.881911501288414,0.881911397,178.73800826072693,147.9021875858307,30.83582067489624,17936,8742,9194,8767,"""/home/kamil/pffrocd/ABY/build/bin/cos_dist_float_scen_simd_32 -r 0 -a 192.168.0.102 -f /home/kamil/pffrocd/ABY/build/bin/embeddings.txt -o /home/kamil/pffrocd -s 112 -x 0""",57.75,9.57,45%,2:27.20,0,0,0,0,135748,0,0,67381,72864,34969,0,288,0,0,0,0,4096,0,"""/home/kamil/pffrocd/ABY/build/bin/cos_dist_float_scen_simd_32 -r 1 -a 192.168.0.102 -f /home/kamil/pffrocd/ABY/build/bin/embeddings.txt -o /home/kamil/pffrocd -s 112 -x 0""",57.69,9.40,45%,2:27.31,0,0,0,0,135620,0,0,65538,70319,33007,0,0,0,0,0,0,4096,0,28.861042259999998,28.4809425,23.4234620421,6.7156875000,2.3480314169,290.3990000000,305.8850000000,273.1080000000,14.5240000000,12.1430000000,5.2720000000,16.9550000000,15.3140000000,5.1310000000,12.4430000000,15.7590000000,14.5610000000,11.2400000000,11.4830000000,86.4160000000,33427.2460000000,621887,7541,621887,621887,575264,194010,0,0,0,4096,0,0,0,0,0,0,0,0,1,437313,7541,42543.5190000000,44536.5690000000,0.6260000000,20.7160000000,56278.9710000000,7986.1350000000,7974.6780000000,0.0100000000,34557.3750000000,9781208,9781208,67138388,67138388,9551528,9551528,9551528,9551528,0,0,229680,229680,0.8819115162,0.8819113970,23.4402274087,6.6279375000,2.4115604935,293.4250000000,316.7630000000,286.5070000000,13.3330000000,11.7150000000,4.5270000000,14.0420000000,11.8320000000,5.3310000000,13.5010000000,15.6100000000,12.9220000000,15.0200000000,11.4540000000,89.3730000000,33401.8060000001,621887,7541,621887,621887,575264,194010,0,0,0,4096,0,0,0,0,0,0,0,0,1,437313,7541,42559.9290000000,44505.7750000000,0.6030000000,140.0060000000,56279.3410000000,7987.0110000000,7975.5130000000,0.0090000000,34572.8910000000,9781208,9781208,67138388,67138388,9551528,9551528,9551519,9551528,0,0,229680,229680,0.8819115162,0.8819113970
0,lfw/Adrien_Brody/Adrien_Brody_0001.jpg,lfw/Anne_ONeil/Anne_ONeil_0001.jpg,False,False,0.9092193767428398,0.9092192054,177.34355521202087,145.93073153495789,31.41282367706299,17936,8742,9194,8759,"""/home/kamil/pffrocd/ABY/build/bin/cos_dist_float_scen_simd_32 -r 0 -a 192.168.0.102 -f /home/kamil/pffrocd/ABY/build/bin/embeddings.txt -o /home/kamil/pffrocd -s 112 -x 0""",57.61,9.74,46%,2:25.25,0,0,0,0,135748,0,0,67058,73728,36299,0,288,0,0,0,0,4096,0,"""/home/kamil/pffrocd/ABY/build/bin/cos_dist_float_scen_simd_32 -r 1 -a 192.168.0.102 -f /home/kamil/pffrocd/ABY/build/bin/embeddings.txt -o /home/kamil/pffrocd -s 112 -x 0""",57.52,9.85,46%,2:25.36,0,0,0,0,135732,0,0,65994,73352,38691,0,0,0,0,0,0,4096,0,28.909114080000002,28.91881871,23.4467807192,8.7813750000,2.4539498105,285.1600000000,307.5130000000,274.4460000000,14.3570000000,11.2760000000,5.3270000000,13.7120000000,14.0220000000,5.7960000000,11.4930000000,14.9780000000,14.6800000000,10.9410000000,11.5090000000,90.8950000000,33731.9610000000,621887,7541,621887,621887,575264,194010,0,0,0,4096,0,0,0,0,0,0,0,0,1,437313,7541,42935.0310000000,44492.0700000000,0.5530000000,47.3560000000,53954.5760000000,8069.9250000000,8058.6300000000,0.0090000000,34865.0960000000,9781208,9781208,67138388,67138388,9551528,9551528,9551528,9551528,0,0,229680,229680,0.9092193842,0.9092192054,23.4251451089,8.8945000000,2.5276513705,296.7940000000,319.4250000000,303.2490000000,12.9040000000,12.0040000000,4.5250000000,14.9690000000,11.1870000000,4.9270000000,11.9920000000,15.1260000000,13.8620000000,13.9310000000,11.4210000000,93.2380000000,33685.1880000000,621887,7541,621887,621887,575264,194010,0,0,0,4096,0,0,0,0,0,0,0,0,1,437313,7541,42938.8100000000,44530.5010000000,0.5960000000,112.5790000000,53957.0250000000,8072.4470000000,8060.6980000000,0.0100000000,34866.3540000000,9781217,9781208,67138379,67138388,9551537,9551528,9551519,9551528,0,0,229680,229680,0.9092193842,0.9092192054
0,lfw/Ahmad_Masood/Ahmad_Masood_0001.jpg,lfw/Ahmad_Masood/Ahmad_Masood_0002.jpg,False,True,0.9149529933929443,0.9149529934,179.2594084739685,146.31060576438904,32.94880270957947,17950,8744,9206,8752,"""/home/kamil/pffrocd/ABY/build/bin/cos_dist_float_scen_simd_32 -r 0 -a 192.168.0.102 -f /home/kamil/pffrocd/ABY/build/bin/embeddings.txt -o /home/kamil/pffrocd -s 112 -x 0""",57.54,9.77,46%,2:25.66,0,0,0,0,135684,0,0,67381,73799,37178,0,288,0,0,0,0,4096,0,"""/home/kamil/pffrocd/ABY/build/bin/cos_dist_float_scen_simd_32 -r 1 -a 192.168.0.102 -f /home/kamil/pffrocd/ABY/build/bin/embeddings.txt -o /home/kamil/pffrocd -s 112 -x 0""",57.52,9.74,46%,2:25.75,0,0,0,0,135716,0,0,65984,72514,36579,0,0,0,0,0,0,4096,0,28.65361576,28.6632329,23.4344451833,6.5428125000,2.4421749728,287.7220000000,318.4580000000,281.7720000000,14.8600000000,12.0460000000,6.9420000000,13.6600000000,14.9900000000,4.6570000000,11.6360000000,14.7490000000,17.1340000000,10.9460000000,12.1600000000,86.6650000000,33489.8980000001,621887,7541,621887,621887,575264,194010,0,0,0,4096,0,0,0,0,0,0,0,0,1,437313,7541,43099.8650000000,44517.7580000000,0.5980000000,16.7470000000,54184.6030000000,8457.8970000000,8446.7470000000,0.0100000000,34641.9590000000,9781208,9781208,67138388,67138388,9551528,9551528,9551528,9551528,0,0,229680,229680,0.9149529934,0.9149529934,23.4529487926,6.4276875000,2.5189786840,297.8510000000,308.1480000000,321.8400000000,13.9180000000,11.7210000000,4.0450000000,13.6530000000,11.8810000000,5.5520000000,11.5130000000,13.7150000000,13.5420000000,16.4570000000,12.7960000000,96.3970000000,33447.8970000000,621887,7541,621887,621887,575264,194010,0,0,0,4096,0,0,0,0,0,0,0,0,1,437313,7541,43110.3990000000,44479.4340000000,0.5670000000,148.3850000000,54185.5750000000,8458.5830000000,8446.9350000000,0.0120000000,34651.8060000000,9781217,9781208,67138379,67138388,9551537,9551528,9551519,9551528,0,0,229680,229680,0.9149529934,0.9149529934
0,lfw/Ahmad_Masood/Ahmad_Masood_0001.jpg,lfw/Vidar_Helgesen/Vidar_Helgesen_0001.jpg,False,False,0.8366028815507889,0.8366029859,176.75919389724731,146.35917735099792,30.40001654624939,17950,8744,9206,8761,"""/home/kamil/pffrocd/ABY/build/bin/cos_dist_float_scen_simd_32 -r 0 -a 192.168.0.102 -f /home/kamil/pffrocd/ABY/build/bin/embeddings.txt -o /home/kamil/pffrocd -s 112 -x 0""",57.34,9.86,46%,2:25.64,0,0,0,0,135652,0,0,67059,72659,37622,0,288,0,0,0,0,4096,0,"""/home/kamil/pffrocd/ABY/build/bin/cos_dist_float_scen_simd_32 -r 1 -a 192.168.0.102 -f /home/kamil/pffrocd/ABY/build/bin/embeddings.txt -o /home/kamil/pffrocd -s 112 -x 0""",57.80,9.49,46%,2:25.74,0,0,0,0,135732,0,0,65987,72434,33930,0,0,0,0,0,0,4096,0,29.0163888,28.571781639999998,23.4295267178,6.9579375000,2.3995065565,294.1160000000,304.7370000000,277.9690000000,15.9190000000,11.2950000000,5.0180000000,14.5740000000,13.6370000000,5.4280000000,11.4960000000,15.3950000000,16.8680000000,11.2950000000,11.2750000000,89.4510000000,33014.8520000001,621887,7541,621887,621887,575264,194010,0,0,0,4096,0,0,0,0,0,0,0,0,1,437313,7541,42179.7470000000,44530.0550000000,0.5550000000,71.2470000000,55119.8100000000,8024.0380000000,8012.8170000000,0.0090000000,34155.6990000000,9781208,9781208,67138388,67138388,9551528,9551528,9551528,9551528,0,0,229680,229680,0.8366029263,0.8366029859,23.4343470405,6.6640000000,2.4703763755,290.9460000000,316.3870000000,290.7300000000,13.3360000000,13.3760000000,4.9550000000,12.5830000000,10.7300000000,5.3810000000,13.3190000000,13.5390000000,15.8140000000,13.3210000000,11.8470000000,88.3620000000,32994.9319999999,621887,7541,621887,621887,575264,194010,0,0,0,4096,0,0,0,0,0,0,0,0,1,437313,7541,42186.6850000000,44515.2110000000,0.6090000000,99.3770000000,55120.8970000000,8024.2120000000,8011.8010000000,0.0100000000,34162.4640000000,9781217,9781208,67138379,67138388,9551537,9551528,9551528,9551528,0,0,229680,229680,0.8366029263,0.8366029859
0,lfw/Ahmed_Chalabi/Ahmed_Chalabi_0001.jpg,lfw/Ahmed_Chalabi/Ahmed_Chalabi_0002.jpg,True,True,0.4490762948989868,0.4490762949,178.84420251846313,148.71156191825867,30.132640600204468,17958,8751,9207,8768,"""/home/kamil/pffrocd/ABY/build/bin/cos_dist_float_scen_simd_32 -r 0 -a 192.168.0.102 -f /home/kamil/pffrocd/ABY/build/bin/embeddings.txt -o /home/kamil/pffrocd -s 112 -x 0""",57.29,9.87,45%,2:28.05,0,0,0,0,135672,0,0,67055,73235,36955,0,288,0,0,0,0,4096,0,"""/home/kamil/pffrocd/ABY/build/bin/cos_dist_float_scen_simd_32 -r 1 -a 192.168.0.102 -f /home/kamil/pffrocd/ABY/build/bin/embeddings.txt -o /home/kamil/pffrocd -s 112 -x 0""",57.39,9.99,45%,2:28.12,0,0,0,0,135636,0,0,65983,73397,38035,0,0,0,0,0,0,4096,0,28.118171620000002,28.19743776,23.4597161393,6.8815625000,2.3578938806,293.0770000000,306.1390000000,280.2680000000,15.3230000000,11.9200000000,4.3940000000,13.8460000000,14.7210000000,4.9840000000,12.2950000000,15.2120000000,15.3870000000,10.8900000000,11.6260000000,89.1780000000,34402.5040000000,621887,7541,621887,621887,575264,194010,0,0,0,4096,0,0,0,0,0,0,0,0,1,437313,7541,43674.5540000000,44473.2810000000,0.6410000000,119.4690000000,56067.5860000000,8130.9310000000,8119.4360000000,0.0110000000,35543.6140000000,9781208,9781208,67138388,67138388,9551528,9551528,9551528,9551528,0,0,229680,229680,0.4490764737,0.4490762949,23.4266183258,6.5321250000,2.4257245052,292.8440000000,301.6300000000,301.0290000000,13.5650000000,11.9440000000,4.0750000000,13.6120000000,11.3870000000,6.2500000000,11.7470000000,13.9000000000,13.5860000000,16.1580000000,12.1750000000,100.3470000000,34377.5020000000,621887,7541,621887,621887,575264,194010,0,0,0,4096,0,0,0,0,0,0,0,0,1,437313,7541,43683.8510000000,44530.4340000000,0.6050000000,103.3950000000,56066.5900000000,8133.0320000000,8120.9050000000,0.0090000000,35550.8080000000,9781217,9781208,67138379,67138388,9551537,9551528,9551519,9551528,0,0,229680,229680,0.4490764737,0.4490762949
0,lfw/Ahmed_Chalabi/Ahmed_Chalabi_0001.jpg,lfw/Ahmed_Chalabi/Ahmed_Chalabi_0003.jpg,True,True,0.34206169843673706,0.3420619369,177.62855625152588,145.71853637695312,31.910019874572754,17958,8751,9207,8738,"""/home/kamil/pffrocd/ABY/build/bin/cos_dist_float_scen_simd_32 -r 0 -a 192.168.0.102 -f /home/kamil/pffrocd/ABY/build/bin/embeddings.txt -o /home/kamil/pffrocd -s 112 -x 0""",57.24,10.18,46%,2:24.96,0,0,0,0,135604,0,26,67053,74013,36079,0,2776,0,0,0,0,4096,0,"""/home/kamil/pffrocd/ABY/build/bin/cos_dist_float_scen_simd_32 -r 1 -a 192.168.0.102 -f /home/kamil/pffrocd/ABY/build/bin/embeddings.txt -o /home/kamil/pffrocd -s 112 -x 0""",57.70,9.61,46%,2:25.08,0,0,0,0,135628,0,0,65984,74119,36814,0,0,0,0,0,0,4096,0,28.774974800000003,28.69875008,23.4201555551,6.7233750000,2.4606434971,287.9710000000,302.2980000000,277.1210000000,14.5070000000,12.7210000000,5.4200000000,15.1240000000,11.9890000000,4.1140000000,11.5080000000,15.9780000000,11.3410000000,10.6830000000,11.3980000000,79.3690000000,33540.1240000000,621887,7541,621887,621887,575264,194010,0,0,0,4096,0,0,0,0,0,0,0,0,1,437313,7541,42707.9000000000,44541.3280000000,4.4430000000,22.7330000000,53809.8160000000,8043.7450000000,8032.2020000000,0.0090000000,34664.1440000000,9781208,9781208,67138388,67138388,9551528,9551528,9551528,9551528,0,0,229680,229680,0.3420618176,0.3420619369,23.4306289438,6.6610000000,2.5343765910,288.0200000000,301.8270000000,284.6170000000,13.2280000000,12.0500000000,4.1000000000,13.0560000000,11.1110000000,5.4170000000,11.3280000000,14.7300000000,13.6660000000,13.0040000000,11.7820000000,91.4240000000,33531.5409999999,621887,7541,621887,621887,575264,194010,0,0,0,4096,0,0,0,0,0,0,0,0,1,437313,7541,42706.3970000000,44520.1010000000,0.5590000000,287.6410000000,53817.5570000000,8044.1010000000,8032.7260000000,0.0110000000,34662.2870000000,9781217,9781208,67138379,67138388,9551537,9551528,9551519,9551528,0,0,229680,229680,0.3420618176,0.3420619369
